Name,Executable_Name
"SpeedRunners","speedrunners.exe"
"Move or Die","love"
"Move or Die","love"
"Move or Die","love.exe"
"Holodrive","holodrive.exe"
"GRIP","grip-win64-shipping.exe"
"Hellion","hellion.exe"
"Divinity Original Sin 2","eocapp.exe"
"Foxhole","war-win64-shipping.exe"
"Unturned","unturned.exe"
"Unturned","unturned_be.exe"
"Battlerite","battlerite.exe"
"League of Legends","lolex.exe"
"League of Legends","lol.exe"
"League of Legends","league of legends.exe"
"League of Legends","lollauncher.app"
"PLAYERUNKNOWN'S BATTLEGROUNDS","tslgame.exe"
"PLAYERUNKNOWN'S BATTLEGROUNDS","tslgame_be.exe"
"Counter-Strike: Global Offensive","csgo.exe"
"Counter-Strike: Global Offensive","csgo_linux64"
"Counter-Strike: Global Offensive","csgo_osx64"
"Overwatch","overwatch.exe"
"Minecraft","minecraft.windows.exe"
"Minecraft","javaw.exe"
"Minecraft","minecraftlauncher.exe"
"Minecraft",">java"
"Minecraft",">javaw.exe"
"World of Warcraft","world of warcraft.app"
"World of Warcraft","wow-64.exe"
"World of Warcraft","wow.exe"
"Hearthstone","hearthstone.app"
"Hearthstone","hearthstone.exe"
"Dota 2","dota2.exe"
"Dota 2","dota_osx.app"
"Grand Theft Auto V","gta5.exe"
"Tom Clancy's Rainbow Six Siege","rainbowsix.exe"
"Tom Clancy's Rainbow Six Siege","rainbowsix_be.exe"
"Tom Clancy's Rainbow Six Siege","rainbowsixgame.exe"
"Rocket League","rocketleague.exe"
"Heroes of the Storm","heroes of the storm.exe"
"Heroes of the Storm","heroes.app"
"Heroes of the Storm","heroesofthestorm.exe"
"Heroes of the Storm","heroesofthestorm_x64.exe"
"Garry's Mod",">hl2.exe"
"Garry's Mod",">hl2_osx"
"Garry's Mod","hl2.exe"
"Garry's Mod","hl2.exe"
"H1Z1: King of the Kill","h1z1.exe"
"ARK: Survival Evolved","shootergame.exe"
"ARK: Survival Evolved","shootergame_be.exe"
"Paladins","paladins.exe"
"Paladins","paladinseac.exe"
"Path of Exile","pathofexile.exe"
"Path of Exile","pathofexile_x64.exe"
"Path of Exile","pathofexile_x64steam.exe"
"Path of Exile","pathofexilesteam.exe"
"Team Fortress 2",">hl2.exe"
"Team Fortress 2",">hl2_osx"
"Team Fortress 2","hl2tf.exe"
"Rust","rust.exe"
"Rust","rustclient.exe"
"World of Tanks","worldoftanks.exe"
"FINAL FANTASY XIV","ffxiv.exe"
"FINAL FANTASY XIV","ffxiv_dx11.exe"
"FINAL FANTASY XIV","final fantasy xiv.app"
"Geometry Dash","geometrydash.exe"
"Dolphin","dolphin.exe"
"Terraria","terraria.app"
"Terraria","terraria.bin.x86"
"Terraria","terraria.exe"
"Brawlhalla","brawlhalla.app"
"Brawlhalla","brawlhalla.exe"
"The Walking Dead","walkingdead101.exe"
"Sonic Mania","sonicmania.exe"
"Golf With Your Friends","golf with your friends.exe"
"Cities: Skylines","cities.exe"
"Arma 3","arma3.exe"
"Left 4 Dead 2",">hl2_osx"
"Left 4 Dead 2","left4dead2.exe"
"Left 4 Dead 2","left4dead2.exe"
"Project 64","project64.exe"
"RuneScape","jagexlauncher.exe"
"RuneScape","osbuddy.exe"
"RuneScape","osbuddy64.exe"
"RuneScape","runescape.app"
"RuneScape","runescape.exe"
"RuneScape","swiftkit-rs.exe"
"Dead by Daylight","deadbydaylight-win64-shipping.exe"
"Dead by Daylight","deadbydaylight.exe"
"War Thunder","aces.exe"
"World of Warships","worldofwarships.exe"
"Duelyst","duelyst.exe"
"Battlefield 1","bf1.exe"
"The Binding of Isaac: Rebirth","isaac-ng.exe"
"The Binding of Isaac: Rebirth","the binding of isaac rebirth.app"
"Black Desert Online","blackdesert32.exe"
"Black Desert Online","blackdesert64.exe"
"Black Squad","steamlauncher.exe"
"HIVESWAP: ACT 1","hiveswap-act1.exe"
"Hearts of Iron IV","hoi4.exe"
"Monaco","monaco.exe"
"Blade & Soul","client.exe"
"Blade & Soul","playbns.exe"
"Sid Meier's Civilization V","civilizationv_dx11.exe"
"SMITE","smite.exe"
"SMITE","smiteeac.exe"
"Factorio","factorio.exe"
"Diablo III","diablo iii.app"
"Diablo III","diablo iii.exe"
"Diablo III","diablo iii64.exe"
"StarCraft II","sc2.app"
"StarCraft II","sc2.exe"
"StarCraft II","sc2_x64.exe"
"StarCraft II","starcraft ii.exe"
"The Elder Scrolls V: Skyrim","skyrimlauncher.exe"
"The Elder Scrolls V: Skyrim","tesv.exe"
"The Elder Scrolls V: Skyrim","tesv_original.exe"
"Tom Clancy's The Division","the division.exe"
"Tom Clancy's The Division","thedivision.exe"
"Don't Starve Together","dontstarve.exe"
"Don't Starve Together","dontstarve_steam.exe"
"ShellShock Live","shellshocklive.exe"
"Space Engineers","spaceengineers.exe"
"Euro Truck Simulator 2","eurotrucks2.exe"
"Portal 2","portal2.exe"
"The Sims 4","ts4.exe"
"The Sims 4","ts4_x64.exe"
"Call of Duty: Black Ops III","blackops3.exe"
"Stardew Valley","stardew valley.exe"
"DARK SOULS III","darksoulsiii.exe"
"Counter-Strike: Source","hl2.exe"
"Fallout 4","fallout4.exe"
"Fallout: New Vegas","falloutnv.exe"
"MapleStory","maplestory.exe"
"The Witcher 3: Wild Hunt","witcher3.exe"
"Half-Life 2",">hl2.exe"
"Half-Life 2",">hl2_osx"
"Half-Life 2","hl2hl2.exe"
"Battlefield 4","bf4.exe"
"Battlefield 4","bf4cte.exe"
"XCOM 2","xcom2.exe"
"Guild Wars 2","guild wars 2 64-bit.app"
"Guild Wars 2","gw2-64.exe"
"Guild Wars 2","gw2.app"
"Guild Wars 2","gw2.exe"
"The Elder Scrolls V: Skyrim Special Edition","skse64_loader.exe"
"The Elder Scrolls V: Skyrim Special Edition","skyrimse.exe"
"The Elder Scrolls V: Skyrim Special Edition","skyrimselauncher.exe"
"Tooth and Tail","toothandtail.exe"
"Outlast","olgame.exe"
"Outlast","outlast.app"
"Depth","depthgame.exe"
"Tabletop Simulator","tabletop simulator.exe"
"Stellaris","stellaris.exe"
"Trove","trove.exe"
"Trove","glyphclientapp.exe"
"Gang Beasts","gang beasts.exe"
"The Forest","theforest.exe"
"Insurgency","insurgency.exe"
"Insurgency","insurgency_be.exe"
"Europa Universalis IV","eu4.app"
"Europa Universalis IV","eu4.exe"
"Town of Salem","townofsalem.exe"
"Robocraft","robocraft.exe"
"Robocraft","robocraftclient.exe"
"Golf It!","golfit-win64-shipping.exe"
"Heroes & Generals","heroesandgeneralsdesktop.exe"
"Heroes & Generals","hng.exe"
"Shadowverse","shadowverse.exe"
"7 Days to Die","7daystodie.exe"
"7 Days to Die","7daystodie_eac.exe"
"Killing Floor 2","kfgame.exe"
"StarCraft","starcraft.exe"
"Undertale","undertale.app"
"Undertale","undertale.exe"
"Duck Game","duckgame.exe"
"Dirty Bomb","shootergame-win32-shipping.exe"
"Business Tour - Online Multiplayer Board Game","businesstour.exe"
"Fallout Shelter","falloutshelter.exe"
"Slime Rancher","slimerancher.exe"
"Last Man Standing","lms.exe"
"Titanfall 2","titanfall2.exe"
"STAR WARS Battlefront","battlefront.exe"
"STAR WARS Battlefront","starwarsbattlefront.exe"
"Mount & Blade: Warband","binkplay.exe"
"Mount & Blade: Warband","mb_warband.exe"
"STAR WARS: The Old Republic","swtor.exe"
"PlanetSide 2","planetside2_x64.exe"
"PlanetSide 2","planetside2_x86.exe"
"Clicker Heroes","clicker heroes.exe"
"Psychonauts","psychonauts.exe"
"American Truck Simulator","amtrucks.exe"
"Call of Duty: World at War","codwaw.exe"
"Call of Duty: World at War","codwawmp.exe"
"Crossout","crossout-d3d9.exe"
"Crossout","crossout.exe"
"Dofus","dofus.exe"
"Comedy Night","comedy night.exe"
"Enter the Gungeon","etg.exe"
"Elite Dangerous","elitedangerous.exe"
"Elite Dangerous","elitedangerous32.exe"
"Elite Dangerous","elitedangerous64.exe"
"Wizard101","wizard101.exe"
"Wizard101","wizardgraphicalclient.exe"
"AdVenture Capitalist","adventure-capitalist.exe"
"Age of Empires II: HD Edition","age2_x1.exe"
"Age of Empires II: HD Edition","aok hd.exe"
"Age of Empires II: HD Edition","empires2.exe"
"EVE Online","evelauncher.exe"
"EVE Online","exefile.exe"
"Heat Signature","heat_signature.exe"
"RimWorld","rimworld914win.exe"
"RimWorld","rimworldwin.exe"
"WarThunder","aces.exe"
"Rivals of Aether","rivalsofaether.exe"
"BeamNG.drive","beamng.drive.exe"
"BeamNG.drive","beamng.drive.x64.exe"
"Subnautica","subnautica.exe"
"Sid Meier's Civilization VI","civilizationvi.exe"
"The Elder Scrolls Online","eso.exe"
"The Elder Scrolls Online","eso64.exe"
"DOOM","doomx64.exe"
"FTL: Faster Than Light","ftlgame.exe"
"Realm of the Mad God","realm of the mad god.exe"
"Just Cause 3","justcause3.exe"
"Portal","hl2p.exe"
"Portal","hl2.exe"
"Dead Cells","deadcells.exe"
"FIFA 17","fifa17.exe"
"DRAGON BALL XENOVERSE 2","dbxv2.exe"
"Friday the 13th: The Game","summercamp.exe"
"Prison Architect","prison architect.exe"
"TEKKEN 7","tekkengame-win64-shipping.exe"
"The Escapists 2","theescapists2.exe"
"Crusader Kings II","ck2game.exe"
"Microtransaction Simulator","microsimulator.exe"
"Warface","game.exe"
"Middle-earth: Shadow of Mordor","shadowofmordor.exe"
"METAL GEAR SOLID V: THE PHANTOM PAIN","mgsvmgo.exe"
"METAL GEAR SOLID V: THE PHANTOM PAIN","mgsvtpp.exe"
"Idle Champions of the Forgotten Realms","idledragons.exe"
"HuniePop","huniepop.app"
"HuniePop","huniepop.exe"
"Ultimate Chicken Horse","ultimatechickenhorse.exe"
"NieR:Automata","nierautomata.exe"
"DARK SOULS II: Scholar of the First Sin","darksoulsii.exe"
"Total War: WARHAMMER II","warhammer2.exe"
"Skullgirls","skullgirls.exe"
"Farming Simulator 17","farmingsimulator2017game.exe"
"100% Orange Juice","100orange.exe"
"Crypt of the NecroDancer","necrodancer.exe"
"Call of Duty: Black Ops II","t6mp.exe"
"Call of Duty: Black Ops II","t6sp.exe"
"Call of Duty: Black Ops II","t6zm.exe"
"Sonic Adventure 2","sonic2app.exe"
"Bloons TD Battles","battles-win.exe"
"Dishonored","dishonored.exe"
"Sven Co-op","svencoop.exe"
"Tower Unite","tower-win64-shipping.exe"
"Dying Light","dyinglightgame.exe"
"Chivalry: Medieval Warfare","cmw.exe"
"Squad","squad.exe"
"ASTRONEER","astro-win64-shipping.exe"
"Creativerse","creativerse.exe"
"Oddworld: Abe's Oddysee","abewin.exe"
"Tom Clancy's Ghost Recon Wildlands","grw.exe"
"Warhammer: End Times - Vermintide","vermintide.exe"
"BattleBlock Theater","battleblocktheater.exe"
"Killing Floor","killingfloor.exe"
"Kerbal Space Program","ksp.exe"
"Kerbal Space Program","ksp_x64.exe"
"Rise of the Tomb Raider","rottr.exe"
"Castle Crashers","castle.exe"
"Infestation: The New Z","thenewz.exe"
"Mirage: Arcane Warfare","tbl-win64-shipping.exe"
"Fistful of Frags","hl2.exe"
"STAR WARS Battlefront II","battlefrontii.exe"
"STAR WARS Battlefront II","starwarsbattlefrontii.exe"
"Cuphead","cuphead.exe"
"NARUTO SHIPPUDEN: Ultimate Ninja STORM 4","nsuns4.exe"
"TERA","tera.exe"
"Saints Row IV","saintsrowiv.exe"
"Absolver","absolver-win64-shipping.exe"
"Total War: WARHAMMER","launcher.exe"
"Scrap Mechanic","scrapmechanic.exe"
"Oxygen Not Included","oxygennotincluded.exe"
"Half-Life","hl.exe"
"Nuclear Throne","nuclearthrone.exe"
"No More Room in Hell","hl2.exe"
"The Sims 3","ts3.exe"
"The Sims 3","ts3w.exe"
"Divinity: Original Sin Enhanced Edition","eocapp.exe"
"Ravenfield","ravenfield.exe"
"Life is Strange","lifeisstrange.exe"
"Hollow Knight","hollow_knight.exe"
"Saints Row: The Third","saintsrowthethird.exe"
"Saints Row: The Third","saintsrowthethird_dx11.exe"
"Planet Coaster","planetcoaster.exe"
"Dishonored 2","dishonored2.exe"
"Clustertruck","clustertruck.exe"
"Crush Crush","crushcrush.exe"
"Battlefield 3","bf3.exe"
"World War II Online","ww2.exe"
"Company of Heroes 2","reliccoh2.exe"
"Realm Grinder","realmgrinderdesktop.exe"
"Project CARS","pcars.exe"
"Project CARS","pcars64.exe"
"Half-Life: C.A.G.E.D.","hl.exe"
"Guitar Hero III: Legends of Rock","gh3.exe"
"ROBLOX","roblox.exe"
"ROBLOX","robloxplayerbeta.exe"
"ROBLOX","robloxplayerlauncher.exe"
"Grand Theft Auto San Andreas","gta-sa.exe"
"Grand Theft Auto San Andreas","gta_sa.exe"
"PAYDAY 2","payday2_win32_release.exe"
"Ballistic Overkill","ballisticoverkill.exe"
"Call of Duty®: WWII","s2_mp64_ship.exe"
"Call of Duty®: WWII","s2_sp64_ship.exe"
"osu!","osu!.app"
"osu!","osu!.exe"
"Destiny 2","destiny2.exe"
"Hob","hob.exe"
"Fallout","falloutw.exe"
"Middle-earth: Shadow of War","shadowofwar.exe"
"Descenders","descenders.exe"
"Wolfenstein: The New Order","wolfneworder_x64.exe"
"Day of Infamy","dayofinfamy.exe"
"Day of Infamy","dayofinfamy_be.exe"
"Deceit","deceit.exe"
"Darkest Dungeon","darkest.exe"
"Bendy and the Ink Machine","batim.exe"
"A Hat in Time","hatintimegame.exe"
"Besiege","besiege.exe"
"Life is Strange: Before the Storm","life is strange - before the storm.exe"
"GUNS UP!","guns up.exe"
"H1Z1","h1z1.exe"
"H1Z1","h1z1_be.exe"
"Yu-Gi-Oh! Duel Links","dlpc.exe"
"FIFA 18","fifa18.exe"
"Sanctum 2","sanctumgame-win32-shipping.exe"
"Human: Fall Flat","human.exe"
"Watch Dogs","watch_dogs.exe"
"Assassin's Creed Origins","acorigins.exe"
"CS2D","cs2d.exe"
"Wolfenstein II: The New Colossus","newcolossus_x64vk.exe"
"DayZ","dayz.exe"
"DayZ","dayz_x64.exe"
"Brutal Legend","brutallegend.exe"
"Zombidle","zombidle.exe"
"Shadowrun: Hong Kong","srhk.exe"
"Rising Storm 2: Vietnam","vngame.exe"
"The Bureau: XCOM Declassified","thebureau.exe"
"Elsword","elsword.exe"
"Total War: Rome 2","rome2.exe"
"Freddy Fazbear's Pizzeria Simulator","pizzeria simulator.exe"
"Getting Over It with Bennett Foddy","gettingoverit.exe"
"Guns of Icarus Online","gunsoficarusonline.app"
"Guns of Icarus Online","gunsoficarusonline.exe"
"Guns of Icarus Alliance","gunsoficarusonline.exe"
"Zombidle: REMONSTERED","zombidle.exe"
"Guns N' Boxes","gunsnboxes.exe"
"VRChat","vrchat.exe"
"Red Crucible: Firestorm","red crucible.exe"
"Assassin's Creed IV Black Flag","ac4bfmp.exe"
"Assassin's Creed IV Black Flag","ac4bfsp.exe"
"Escape from Tarkov","escapefromtarkov.exe"
"SCP: Secret Laboratory","scpsl.exe"
"They Are Billions","theyarebillions.exe"
"The Long Dark","tld.exe"
"Pokémon Trading Card Game Online","pokemon trading card game online.exe"
"Kingdom: Classic","kingdom.exe"
"Don't Starve","dontstarve.exe"
"Don't Starve","dontstarve_steam.exe"
"Gwent","gwent.exe"
"Long Live Santa!","long live santa.exe"
"Slay the Spire","slaythespire.exe"
"Kingdoms and Castles","kingdomsandcastles.exe"
"Northgard","northgard.exe"
"Broforce","broforce_beta.exe"
"CrossFire BR","crossfire.exe"
"Neverwinter","neverwinter.exe"
"Neverwinter","gameclient.exe"
"Tibia","tibia.exe"
"Tibia","client.exe"
"Papers, Please","papersplease.exe"
"Closers","cw.exe"
"Spore","sporeapp.exe"
"Plague Inc: Evolved","plagueincevolved.exe"
"Borderlands: The Pre-Sequel","borderlandspresequel.exe"
"Hotline Miami","hotlinemiami.exe"
"Homefront","homefront.exe"
"theHunter™: Call of the Wild","thehuntercotw_f.exe"
"Tomb Raider","tombraider.exe"
"The Binding of Isaac","binding_of_isaac.exe"
"The Binding of Isaac","isaac.app"
"The Binding of Isaac","isaac.exe"
"We Were Here","we were here.exe"
"This War of Mine","this war of mine.exe"
"Hotline Miami 2: Wrong Number","hotlinemiami2.exe"
"Wulverblade","wulverblade.exe"
"Hand Simulator","hand simulator.exe"
"Kingdom Come: Deliverance","kingdomcome.exe"
"DRAGON BALL FighterZ","dbfighterz.exe"
"BATTALION 1944","battalion.exe"
"World of Tanks Blitz","wotblitz.exe"
"던전앤파이터","dnf.exe"
"DARK SOULS™: Prepare To Die Edition","darksouls.exe "
"Total War Arena","arena.exe"
"Doki Doki Literature Club","ddlc.exe"
"Doki Doki Literature Club","doki doki literature club.app"
"Borderlands 2","borderlands2.exe"
"Forsaken Remastered","selkis_x64.exe"
"SoulWorker","soulworker.exe"
"Hunt: Showdown","hunt.exe"
"Warframe","warframe.exe"
"Warframe","warframe.x64.exe"
"Warcraft III","war3.exe"
"Warcraft III","warcraft iii.app"
"Warcraft III","warcraft iii.exe"
"Warcraft III","frozen throne.exe"
"Warcraft III","wc3.exe"
"Bastion","bastion.exe"
"Assassin's Creed Chronicles China","accgame-win32-shipping.exe"
"Assassin's Creed","assassinscreed_dx10.exe"
"Assassin's Creed II","assassinscreediigame.exe"
"Assassin's Creed III","ac3mp.exe"
"Assassin's Creed III","ac3sp.exe"
"Assassin's Creed Rogue","acc.exe"
"Assassin's Creed Unity","acu.exe"
"Assassin's Creed Brotherhood","acbmp.exe"
"Assassin's Creed Brotherhood","acbsp.exe"
"Assassin's Creed Revelations","acrsp.exe"
"Batman: Arkham Knight","batmanak.exe"
"Batman: Arkham Origins","batmanorigins.exe"
"Batman: Arkham VR","arkhamvr.exe"
"Beyond Good and Evil","bge.exe"
"F.E.A.R.","fear.exe"
"F.E.A.R.","fearxp.exe"
"F.E.A.R. 2: Project Origin","fear2.exe"
"F.E.A.R. 3","f.e.a.r. 3.exe"
"Far Cry","farcry.exe"
"Far Cry 2","farcry2.exe"
"Far Cry 4","farcry4.exe"
"Far Cry Primal","fcprimal.exe"
"For Honor","forhonor.exe"
"Injustice: Gods Among Us Ultimate Edition","injustice.exe"
"Just Dance 2017","jd2017.exe"
"LEGO® The Hobbit™","legohobbit.exe"
"LEGO® Worlds","lego_worlds_dx11.exe"
"Mad Max","madmax.exe"
"Mortal Kombat Komplete Edition","mkke.exe"
"Mortal Kombat X","mk10.exe"
"Rayman Legends","rayman legends.exe"
"Rayman Origins","rayman origins.exe"
"Rocksmith 2014","rocksmith2014.exe"
"Scribblenauts Unlimited","scribble.exe"
"Steep","steep.exe"
"The Crew","thecrew.exe"
"The LEGO® Movie - Videogame","legoemmet.exe"
"Tom Clancy's Ghost Recon Future Soldier","future soldier dx11.exe"
"Tom Clancy's Ghost Recon Future Soldier","future soldier.exe"
"Tom Clancy's Splinter Cell","splintercell.exe"
"Tom Clancy's Splinter Cell Blacklist","blacklist_dx11_game.exe"
"Trackmania Turbo","trackmaniaturbo.exe"
"Trials Fusion","trials_fusion.exe"
"Watch_Dogs","watch_dogs.exe"
"Watch_Dogs 2","watchdogs2.exe"
"Darksiders Warmastered Edition","darksiders1.exe"
"Darksiders Warmastered Edition","darksiderspc.exe"
"ELEX","elex.exe"
"Fade to Silence","whitesilence-win64-shipping.exe"
"Impossible Creatures","ic.exe"
"Ori and the Blind Forest: Definitive Edition","ori.exe"
"Ori and the Blind Forest: Definitive Edition","oride.exe"
"Red Faction","redfaction.exe"
"SpellForce 2 - Anniversary Edition","spellforce2.exe"
"The Guild 3","guild3.exe"
"Firewatch","firewatch.exe"
"The Witness","witness64_d3d11.exe"
"The Talos Principle","talos.exe"
"The Surge","thesurge.exe"
"Rebel Galaxy","rebelgalaxygog.exe"
"Rebel Galaxy","rebelgalaxysteam.exe"
"Fractured Space","fractured space.exe"
"Fractured Space","spacegame-win64-shipping.exe"
"Planetary Annihilation: TITANS","pa.exe"
"Hyper Light Drifter","hyperlightdrifter.exe"
"Stonehearth","stonehearth.exe"
"Obduction","obduction-win64-shipping.exe"
"Shovel Knight","shovelknight.app"
"Shovel Knight","shovelknight.exe"
"Battle Chasers: Nightwar","bc.exe"
"Wolcen: Lords of Mayhem","wolcen.exe"
"Planet Nomads","planetnomads.exe"
"Agents of Mayhem","aom_release_final.exe"
"Dead Island Definitive Edition","deadislandgame.exe"
"Dead Island Riptide Definitive Edition","deadislandgame_x86_rwdi.exe"
"Dead Island Riptide Definitive Edition","deadislandriptidegame.exe"
"DiRT 4","dirt4.exe"
"F1 2016","f1_2016.exe"
"F1 2017","f1_2017.exe"
"Homefront: The Revolution","homefront.exe"
"Metro 2033 Redux","metro.exe"
"Metro 2033 Redux","metro2033.exe"
"Metro: Last Light Redux","metro.exe"
"Metro: Last Light Redux","metroll.exe"
"Micro Machines World Series","micromachines.exe"
"Mighty No. 9","mn9game.exe"
"Risen","risen.exe"
"Ryse: Son of Rome","ryse.exe"
"Saints Row 2","sr2_pc.exe"
"Bridge Constructor","bridgeconstructor.exe"
"Bridge Constructor Portal","bridge_constructor_portal.exe"
"Dead Age","deadage.exe"
"SEUM: Speedrunners from Hell","seum.exe"
"BioShock 2","bioshock2.exe"
"BioShock™ 2 Remastered","bioshock2hd.exe"
"BioShock Infinite","bioshockinfinite.exe"
"BioShock™ Remastered","bioshock.exe"
"BioShock™ Remastered","bioshockhd.exe"
"Borderlands","borderlands.exe"
"Borderlands","borderlands.exe"
"Mafia","game.exe"
"Mafia II","mafia2.exe"
"Mafia III","mafia3.exe"
"Sid Meier's Civilization: Beyond Earth","civilizationbe_dx11.exe"
"Sid Meier's Civilization: Beyond Earth","civilizationbe_mantle.exe"
"WWE 2K18","wwe2k18_x64.exe"
"Deponia","deponia.exe"
"Shadow Tactics: Blades of the Shogun","shadow tactics.exe"
"Silence","silence.exe"
"Kingdom: New Lands","kingdom.exe"
"GoNNER","gonner.exe"
"Guild of Dungeoneering","dungeoneering.exe"
"Antihero","antihero.exe"
"Let Them Come","letthemcome.exe"
"LEGO® STAR WARS™: The Force Awakens","legoswtfa_dx11.exe"
"LEGO® MARVEL's Avengers","legomarvelavengers.exe"
"LEGO® MARVEL's Avengers","legomarvelavengers_dx11.exe"
"LEGO® Jurassic World","legojurassicworld_dx11.exe"
"From Dust","from_dust.exe"
"Rocksmith","rocksmith.exe"
"Tom Clancy's Ghost Recon","ghostrecon.exe"
"ArcaniA","arcania.exe"
"MX vs. ATV Unleashed","mxvsatv.exe"
"The Dwarves","dwarves.exe"
"Sunless Skies","sunless skies.exe"
"Deadlight: Director's Cut","lotdgame.exe"
"Sacred 3","sacred3.exe"
"Trainz: A New Era","tane.exe"
"The Inner World","theinnerworld.exe"
"Assassin's Creed Freedom Cry","acfc.exe"
"Assassin's Creed Syndicate","acs.exe"
"Bloody Good Time","bgt.exe"
"Far Cry 3 Blood Dragon","fc3_blooddragon_d3d11_b.exe"
"I Am Alive","iamalive_game.exe"
"Prince of Persia","launcher.exe"
"Prince of Persia","princeofpersia_launcher.exe"
"Black Mirror","blackmirror.exe"
"Darksiders II: Deathinitive Edition","darksiders2.exe"
"Delta Force: Land Warrior","dflw.exe"
"Full Spectrum Warrior","launcher.exe"
"Full Spectrum Warrior: Ten Hammers","fsw2.exe"
"Men of Valor","menofvalor.exe"
"Nexus: The Jupiter Incident","nexus.exe"
"Sine Mora EX","sinemoraex.exe"
"Sphinx and the Cursed Mummy","sphinxd_gl.exe"
"The Book of Unwritten Tales 2","bout2.exe"
"The Guild Gold Edition","europa1400gold.exe"
"The Guild Gold Edition","europa1400gold_tl.exe"
"Homesick","udk.exe"
"Homesick","udk.exe"
"Shroud of the Avatar","shroud of the avatar.exe"
"Descent: Underground","descent.exe"
"Escape Dead Island","escapedeadisland.exe"
"Bridge Constructor Medieval","bridge_constructor_medieval.exe"
"Bridge Constructor Playground","bridgeconstructorplayground.exe"
"Bridge Constructor Stunts","wmv9codec.exe"
"Bridge Constructor Stunts","bridge_constructor_stunts.exe"
"Deadly 30","deadly30.exe"
"Dub Dash","dubdash.exe"
"Looterkings","looterkings.exe"
"Pixel Heroes: Byte & Magic","pixel heroes - byte and magic.exe"
"Rockfest","rockfest.exe"
"Slime-san","slime-san.exe"
"A New Beginning - Final Cut","anb.exe"
"AER Memories of Old","aer.exe"
"Anna's Quest","anna.exe"
"Blackguards","blackguards.exe"
"Blackguards 2","blackguards 2.exe"
"Crazy Machines 3","cm3.exe"
"Edna & Harvey: Harvey's New Eyes","harvey.exe"
"Edna & Harvey: The Breakout","edna.exe"
"Journey of a Roach","joar.exe"
"Ken Follett's The Pillars of the Earth","pillars.exe"
"Memoria","memoria.exe"
"Munin","munin.exe"
"Shooting Stars!","shootingstars.exe"
"The Dark Eye: Chains of Satinav","satinav.exe"
"The Long Journey Home","tljh-win64-shipping.exe"
"The Night of the Rabbit","rabbit.exe"
"The Whispered World Special Edition","twwse.exe"
"Kathy Rain","kathyrain.exe"
"Uurnog Uurnlimited","uurnog.exe"
"Dandara","dandara.exe"
"Armikrog","armikrog.exe"
"Toren","toren.exe"
"Call of Juarez - Gunslinger","cojgunslinger.exe"
"Trials of the Blood Dragon","trialsblooddragon.exe"
"Delta Force: Task Force Dagger","dftfd.exe"
"Lock's Quest","locksquest.exe"
"Rad Rodgers","rad-win64-shipping.exe"
"Tachyon: The Fringe","tachyon.exe"
"The Book of Unwritten Tales: The Critter Chronicles","critterchronicles.exe"
"Inside","inside.exe"
"The Universim","the universim.exe"
"Lost Horizon","autostarter.exe"
"Grotesque Tactics: Evil Heroes","grotesque tactics.exe"
"In Between","in between.exe"
"Meridian: New World","meridian - new world.exe"
"Safety First!","safetyfirst.exe"
"Townsmen","townsmen.exe"
"Viking Rage","vikingrage.exe"
"Windscape","windscape.exe"
"Assassin's Creed Liberation HD","ac3lhd_32.exe"
"Justice League VR: The Complete Experience","justice_league_vr_the_complete_experience-1.0.0-htcvive-release.exe"
"Justice League VR: The Complete Experience","justice_league_vr_the_complete_experience-1.0.1-htcvive-release.exe"
"South Park The Stick of Truth","south park - the stick of truth.exe"
"Battle Worlds: Kronos","battleworldskronos.exe"
"Overclocked: A History of Violence","ocd.exe"
"SuperPower 2","joshua.exe"
"This is the Police","police.exe"
"Superhot","superhot.exe"
"Superhot","sh.exe"
"Lost Horizon 2","losthorizon2.exe"
"Metro Redux","metro.exe"
"Secret Files 3","fsasgame.exe"
"Clouds & Sheep 2","cloudsandsheep2.exe"
"Future Wars","futurewars.exe"
"Game Royale 2 - The Secret of Jannis Island","gameroyale2.exe"
"Greed: Black Border","greed.exe"
"Holy Avatar vs. Maidens of the Dead","holyavatarvs.exe"
"Meridian: Squad 22","squad22.exe"
"Race.a.bit","raceabit.exe"
"Shiny The Firefly","shiny.exe"
"Skilltree Saga","skilltree.exe"
"SoulCraft","soulcraft.exe"
"Stellar Impact","stellarimpact.exe"
"Subsiege","submerge-win64-shipping.exe"
"Super Treasure Arena","super treasure arena.exe"
"Trapped Dead: Lockdown","trappeddeadlockdown.exe"
"TRISTOY","tristoy.exe"
"Trulon: The Shadow Engine","trulon.exe"
"Twin Sector","twinsector_steam.exe"
"Gotham City Impostors Free to Play","engine.exe"
"Heroes of Might and Magic III HD","homm3 2.0.exe"
"Might and Magic - Heroes V","h5_game.exe"
"LEGO® Batman 2 DC Super Heroes™","legobatman2.exe"
"LEGO Batman","legobatman.exe"
"LEGO Harry Potter: Years 1-4","legoharrypotter.exe"
"Scribblenauts Unmasked: A DC Comics Adventure","scribble.exe"
"Silent Hunter 3","sh3.exe"
"South Park Fractured But Whole","southpark_tfbw.exe"
"Lord of the Rings: War in the North","witn.exe"
"Tom Clancy's Rainbow Six 3","ravenshield.exe"
"Tom Clancy's Rainbow Six Vegas","r6vegas_game.exe"
"Tom Clancy's Rainbow Six Vegas II","r6vegas2_game.exe"
"Tom Clancy's Splinter Cell Chaos Theory","splintercell3.exe"
"The Guild 2 Renaissance","guildii.exe"
"Soma","soma.exe"
"Hellblade","hellbladegame-win64-shipping.exe"
"DiRT Rally","drt.exe"
"Killer Is Dead - Nightmare Edition","kidgame.exe"
"Saints Row: Gat out of Hell","saintsrowgatoutofhell.exe"
"The Banner Saga","the banner saga.exe"
"Trackmania United Forever","tmforever.exe"
"Trials Evolution","trialsfmx.exe"
"Neighbours From Hell Compilation","game.exe"
"The Guild II","guildii.exe"
"The Flame in the Flood","rivergame-win64-shipping.exe"
"Dreamfall Chapters: The Longest Journey","dreamfall chapters.exe"
"Risen 3 - Titan Lords","risen3.exe"
"Sacred 2 Gold","sacred2.exe"
"Deponia: The Complete Journey","deponia.exe"
"Chaos on Deponia","deponia2.exe"
"The Banner Saga 2","the banner saga 2.exe"
"Tormentor❌Punisher","tormentorxpunisher.exe"
"Tormentor❌Punisher","tormentorxpunishergit.exe"
"Assassin’s Creed® Chronicles: India","accgame-win32-shipping.exe"
"Batman: Arkham Asylum GOTY Edition","shippingpc-bmgame.exe"
"Brothers in Arms: Road to Hill 30","bia.exe"
"Call of Juarez: Bound in Blood","cojbibgame_x86.exe"
"Child of Light","childoflight.exe"
"Prince of Persia: The Sands of Time","princeofpersia.exe"
"Prince of Persia: Warrior Within","princeofpersia.exe"
"Silent Hunter 5: Battle of the Atlantic","sh5.exe"
"Silent Hunter: Wolves of the Pacific","sh4.exe"
"The Lord of the Rings: War in the North","witn.exe"
"Delta Force: Black Hawk Down","dfbhd.exe"
"Painkiller: Black Edition","painkiller.exe"
"SpellForce: Platinum Edition","spellforce.exe"
"The Guild II - Pirates of the European Seas","guildii.exe"
"Codename CURE","cure.exe"
"Dungeon Defenders II","dundefgame.exe"
"Dungeon Defenders II","dungeondefenders.exe"
"Dungeon Defenders II","dundefgame.exe"
"Dungeon Defenders II","dungeondefenders.exe"
"Cry of Fear","cof.exe"
"Blackwake","blackwake.exe"
"Age of Empires® III: Complete Collection","age3.exe"
"Age of Empires® III: Complete Collection","age3y.exe"
"Far Cry® 3","farcry3.exe"
"Far Cry® 3","farcry3_d3d11.exe"
"Transformice","transformice.exe"
"Football Manager 2018","fm.exe"
"Total War: ATTILA","attila.exe"
"FINAL FANTASY XV WINDOWS EDITION","ffxv_s.exe"
"Evolve Stage 2","evolve.exe"
"Total War: SHOGUN 2","shogun2.exe"
"Into the Breach","breach.exe"
"Alien Swarm: Reactive Drop","reactivedrop.exe"
"TrackMania Nations Forever","tmforever.exe"
"Left 4 Dead","left4dead.exe"
"Amnesia: The Dark Descent","amnesia.exe"
"Game Dev Tycoon","nw.exe"
"Banished","application-steam-x64.exe"
"Of Guards And Thieves","ogat.exe"
"Who's Your Daddy","whosyourdaddy.exe"
"FINAL FANTASY XV WINDOWS EDITION PLAYABLE DEMO","ffxv_s.exe"
"Call of Duty: Modern Warfare 2","iw4mp.exe"
"Call of Duty: Modern Warfare 2","iw4sp.exe"
"Torchlight II","torchlight2.exe"
"Super Meat Boy","supermeatboy.exe"
"Men of War: Assault Squad 2","mowas2.exe"
"Men of War: Assault Squad 2","mowas_2.exe"
"Darwin Project","darwin-win64-shipping.exe"
"Darwin Project","darwin.exe"
"Hyper Universe","hyperuniverse.exe"
"Grim Dawn","grim dawn.exe"
"Rising Storm/Red Orchestra 2 Multiplayer","rogame.exe"
"Fishing Planet","fishingplanet.exe"
"Assetto Corsa","assettocorsa.exe"
"Assetto Corsa","acs.exe"
"Assetto Corsa","acshowroom.exe"
"Aim Hero","aim hero.exe"
"Source Filmmaker","sfm.exe"
"Poly Bridge","polybridge.exe"
"DiRT 3 Complete Edition","dirt3_game.exe"
"Goat Simulator","goatgame-win32-shipping.exe"
"Risk of Rain","risk of rain.exe"
"BombTag","bombtag.exe"
"Miscreated","miscreated.exe"
"theHunter Classic","thehunter.exe"
"Cortex Command","cortex command.exe"
"METAL GEAR SURVIVE BETA","mgv.exe"
"Block N Load","blocknload.exe"
"Lethal League","lethalleague.app"
"Lethal League","lethalleague.exe"
"Sniper Elite 4","sniperelite4.exe"
"Endless Space 2","endlessspace2.exe"
"Dead Maze","deadmaze.exe"
"World of Warcraft Public Test","wowt-64.exe"
"Sniper Elite 3","sniperelite3_mantle.exe"
"Magicka","magicka.exe"
"Street Fighter V","streetfighterv.exe"
"Street Fighter V","streetfightervbeta-win64-shipping.exe"
"Dead Space™","dead space.exe"
"Superflight","superflight.exe"
"The Witcher 2: Assassins of Kings Enhanced Edition","witcher2.exe"
"Spintires","spintires.exe"
"Blood and Bacon","bloodandbacon.exe"
"Car Mechanic Simulator 2018","cms2018.exe"
"Dragon's Dogma: Dark Arisen","ddda.exe"
"Project Zomboid","projectzomboid32.exe"
"Project Zomboid","projectzomboid64.exe"
"Hero Siege","hero_siege.exe"
"POSTAL 2","postal2.exe"
"SNOW","playsnow.exe"
"Real Pool 3D - Poolians","poolians.exe"
"Bloons TD5","btd5-win.exe"
"Deus Ex: Mankind Divided™","dxmd.exe"
"Keep Talking and Nobody Explodes","ktane.exe"
"Age of Mythology: Extended Edition","aomx.exe"
"F1 2015","f1_2015.exe"
"Overcooked","overcooked.exe"
"The Witcher: Enhanced Edition","witcher.exe"
"PickCrafter","pickcrafter.exe"
"Need for Speed™ Most Wanted","speed.exe"
"Need for Speed™ Most Wanted","nfs13.exe"
"Just Survive","h1z1.exe"
"Just Survive","h1z1_be.exe"
"One Finger Death Punch","one finger death punch.exe"
"The Elder Scrolls: Legends","the elder scrolls legends.exe"
"Pit People","pitpeople.exe"
"Magic Duels","magicduels.exe"
"STAR WARS™ Knights of the Old Republic™ II: The Sith Lords™","swkotor2.exe"
"Tree of Savior (English Ver.)","client_tos.exe"
"Toribash","toribash.exe"
"STAR WARS™ Jedi Knight: Jedi Academy™","jamp.exe"
"STAR WARS™ Jedi Knight: Jedi Academy™","jasp.exe"
"STAR WARS™ Jedi Knight: Jedi Academy™","jediacademy.exe"
"Deep Rock Galactic","fsd-win64-shipping.exe"
"Stranded Deep","stranded_deep_x64.exe"
"Hunt: Showdown (Test Server)","hunt.exe"
"Eco","eco.exe"
"Hide and Shriek","hideandshriek-win64-shipping.exe"
"APB Reloaded","apb.exe"
"Call of Duty: Black Ops","blackops.exe"
"Call of Duty: Black Ops","blackopsmp.exe"
"Call of Duty: Black Ops","t6sp.exe"
"Prey","prey.exe"
"Metro Conflict: The Origin","metroconflict.exe"
"Spelunky","spelunky.exe"
"Medieval II: Total War","medieval2.exe"
"Magicka 2","magicka2.exe"
"UNO","uno.exe"
"Nioh: Complete Edition","nioh.exe"
"Warhammer 40,000: Dawn of War III","relicdow3.exe"
"Fortnite","fortniteclient-mac-shipping.app"
"Fortnite","fortniteclient-win64-shipping.exe"
"Unleash","unleash.exe"
"Estranged: Act II","insulam-win64-shipping.exe"
"Archeage","archeage.exe"
"WAKFU","wakfu.app"
"WAKFU","wakfu.exe"
"Microsoft Flight Simulator X: Steam Edition","fsx.exe"
"Darwin Project","darwin.exe"
"Mitos.is: The Game","mitosis.exe"
"Genital Jousting","genitaljousting.exe"
"Universe Sandbox ²","universe sandbox x64.exe"
"Aura Kingdom","_launcher.exe"
"Aura Kingdom","launcher.exe"
"Far Cry 5","farcry5.exe"
"The Darkness II","darknessii.exe"
"STAR WARS™ Empire at War: Gold Pack","starwarsg.exe"
"STAR WARS™ Empire at War: Gold Pack","sweaw.exe"
"BLOCKADE 3D","main.exe"
"MINDNIGHT","mindnight.exe"
"Zombie Panic! Source","zps.exe"
"Just Cause™ 3: Multiplayer Mod","playjcmp.exe"
"SimCity™","simcity.exe"
"Frostpunk","frostpunk.exe"
"Hurtworld","hurtworld.exe"
"Hurtworld","hurtworldclient.exe"
"Modern Combat Versus","moderncombatversus.exe"
"Quantum Break","quantumbreak.exe"
"The Jackbox Party Pack 3","the jackbox party pack 3.exe"
"Tropico 5","appdata.exe"
"Radical Heights","radicalheights.exe"
"My Summer Car","mysummercar.exe"
"Spec Ops: The Line","specopstheline.exe"
"Friday the 13th: Killer Puzzle","f13.exe"
"Verdun","1914-1918 series.exe"
"Verdun","verdun.exe"
"World of Guns: Gun Disassembly","disasm.exe"
"No Man's Sky","nms.exe"
"Ylands","ylands.exe"
"RESIDENT EVIL 7 biohazard / BIOHAZARD 7 resident evil","re7.exe"
"BATTLETECH","battletech.exe"
"Super Hexagon","superhexagon.exe"
"PixARK","pixark.exe"
"Spiral Knights","javaw.exe"
"Satellite Reign","satellitereignwindows.exe"
"Pillars of Eternity","pillarsofeternity.exe"
"Conan Exiles","conansandbox.exe"
"Conan Exiles","conansandbox_be.exe"
"TrackMania² Stadium","maniaplanet.exe"
"Need for Speed™","nfs16.exe"
"Day of Defeat: Source","hl2.exe"
"Dungeon of the Endless","dungeonoftheendless.exe"
"Endless Legend","endlesslegend.exe"
"DEEP SPACE WAIFU","deep space waifu.exe"
"Surviving Mars","marssteam.exe"
"Dragon Age™: Inquisition","dragonageinquisition.exe"
"Mass Effect™: Andromeda","masseffectandromeda.exe"
"CrossFire","crossfire.exe"
"Toontown Rewritten","ttrengine.exe"
"Survarium","survarium.exe"
"Plants vs Zombies GW2","gw2.main_win64_retail.exe"
"Project64","project64.exe"
"Armored Warfare","armoredwarfare.exe"
"The Expendabros","expendabros.exe"
"Mount Your Friends","mountyourfriends.exe"
"Project CARS 2","pcars2avx.exe"
"Shakes and Fidget","shakes and fidget.exe"
"SAS: Zombie Assault 4","sas4-win.exe"
"Awesomenauts","awesomenauts.exe"
"Yume Nikki","rpg_rt.exe"
"Holdfast: Nations At War","holdfast naw.exe"
"Learn to Fly 3","learn to fly 3.exe"
"Stories: The Path of Destinies","stories.exe"
"Layers of Fear","layers of fear.exe"
"Star Trek Online","star trek online.exe"
"Star Trek Online","gameclient.exe"
"Star Trek Online","gameclient.exe"
"Star Trek Online","gameclient.exe"
"Minion Masters","minionmasters.exe"
"Warhammer 40,000: Dawn of War - Soulstorm","soulstorm.exe"
"Ultimate Epic Battle Simulator","uebs.exe"
"TerraTech","terratechwin32.exe"
"AirMech Strike","airmech.exe"
"Spintires: MudRunner","mudrunner.exe"
"Alien Swarm","swarm.exe"
"Hacknet","hacknet.exe"
"Quake Champions","quakechampions.exe"
"Iron Snout","ironsnout.exe"
"DARK SOULS™: REMASTERED","darksouls.exe"
"DARK SOULS™: REMASTERED","darksoulsremastered.exe"
"Raft","raft.exe"
"Dungreed","dungreed.exe"
"Grand Theft Auto IV","gtaiv.exe"
"Synergy","synergy.exe"
"Wizard of Legend","wizardoflegend.exe"
"Kritika Online","kritika_client.exe"
"Mirror's Edge","mirrorsedge.exe"
"Car Mechanic Simulator 2015","cms2015.exe"
"Double Action: Boogaloo","hl2.exe"
"STAR WARS™: Knights of the Old Republic™","swkotor.exe"
"The Stanley Parable","stanley.exe"
"Tyranny","tyranny.exe"
"Empyrion - Galactic Survival","empyrion.exe"
"Bless Online","bless.exe"
"60 Seconds!","60seconds.exe"
"The Escapists","theescapists.exe"
"Dauntless","dauntless-win64-shipping.exe"
"Dragon Age: Origins - Ultimate Edition","daorigins.exe"
"Total War Saga: Thrones of Britannia","thrones.exe"
"OKAMI HD / 大神 絶景版","okami.exe"
"AdVenture Communist","adventure-communist.exe"
"Governor of Poker 3","gop3.exe"
"Worms Revolution","wormsrevolution.exe"
"L.A. Noire","lanoire.exe"
"The Elder Scrolls III: Morrowind","morrowind.exe"
"Armello","armello.exe"
"NBA 2K18","nba2k18.exe"
"MechWarrior Online","mechwarrioronline.exe"
"MechWarrior Online","mwoclient.exe"
"Resident Evil 5 / Biohazard 5","re5dx9.exe"
"House Flipper","houseflipper.exe"
"Sleeping Dogs: Definitive Edition","sdhdship.exe"
"FINAL FANTASY VII","ff7_en.exe"
"Heroes of Hammerwatch","hwr.exe"
"Youtubers Life","youtuberslife.exe"
"resident evil 4 / biohazard 4","bio4.exe"
"State of Decay: Year-One","stateofdecay.exe"
"Argo","argobattleye.exe"
"ESEA","eseaclient.exe"
"ESEA","eseaclientsteam.exe"
"Zombie Army Trilogy","zat.exe"
"Call of Duty: Modern Warfare 3","iw5mp.exe"
"Call of Duty: Modern Warfare 3","iw5sp.exe"
"Horizon Source","gameclient.exe"
"Yet Another Zombie Defense","yetanotherzombiedefense.exe"
"CPUCores :: Maximize Your FPS","cpucores.exe"
"Wargame: Red Dragon","wargame3.exe"
"Resident Evil 6 / Biohazard 6","bh6.exe"
"CastleMiner Z","castleminerz.exe"
"The Lord of the Rings Online™","lotroclient.exe"
"For The King","ftk.exe"
"Just Cause 2","justcause2.exe"
"Gigantic","rxgame-win64-shipping.exe"
"Dawn of War II - Retribution","dow2.exe"
"Paint the Town Red","paintthetownred.exe"
"Black Mesa","bms.exe"
"Vindictus","vindictus.exe"
"Batman: Arkham City GOTY","batmanac.exe"
"Night in the Woods","night in the woods.exe"
"Door Kickers","doorkickers.exe"
"WARMODE","warmode.exe"
"Sniper Ghost Warrior 2","sniperghostwarrior2.exe"
"Battlefield: Bad Company 2","bfbc2game.exe"
"LIMBO","limbo.exe"
"HELLDIVERS™","helldivers.exe"
"Teeworlds","teeworlds.app"
"Teeworlds","teeworlds.exe"
"Moonbase Alpha","moonbasealphagame.exe"
"McOsu","mcengine.exe"
"Loading Screen Simulator","lss.exe"
"STAR WARS™ Republic Commando","swrepubliccommando.exe"
"The Lab","thelab.exe"
"Citra","citra-qt.app"
"Citra","citra-qt.exe"
"Sword Art Online: Fatal Bullet","saofb-win64-shipping.exe"
"Bit Heroes","bit heroes.exe"
"Orcs Must Die! 2","orcsmustdie2.exe"
"DC Universe Online","dcgame.exe"
"GUILTY GEAR Xrd -REVELATOR-","bootggxrd.exe"
"GUILTY GEAR Xrd -REVELATOR-","guiltygearxrd.exe"
"Battle Royale Trainer","battleroyaletrainer-win64-shipping.exe"
"Rise of Nations: Extended Edition","patriots.exe"
"The Jackbox Party Pack 2","the jackbox party pack 2.exe"
"Aion","aion.bin"
"Alien: Isolation","ai.exe"
"Sins of a Solar Empire: Rebellion","sins of a solar empire rebellion.exe"
"DRAGON BALL XENOVERSE","dbxv.exe"
"Supreme Commander: Forged Alliance","supremecommander.exe"
"Spellsworn","spellsworn-win64-test.exe"
"Mass Effect™ 3","masseffect3.exe"
"SUPERHOT VR","superhotvr.exe"
"Black Desert Online SA","blackdesertpatcher32.pae.exe"
"Grand Theft Auto: Vice City","gta--vc.exe"
"Grand Theft Auto: Vice City","gta-vc.exe"
"Digimon Masters Online","dmlauncher.exe"
"Mirror's Edge™ Catalyst","mirrorsedgecatalyst.exe"
"ANNO 2070","anno5.exe"
"Life is Feudal: MMO","cm_client.exe"
"Faeria","faeria.exe"
"Everlasting Summer","everlasting summer.app"
"Everlasting Summer","everlasting summer.exe"
"Dark and Light","dnl.exe"
"Steel Division: Normandy 44","steeldivision.exe"
"Amnesia: A Machine for Pigs","aamfp.exe"
"RWBY: Grimm Eclipse","rwby-ge.exe"
"DmC Devil May Cry","dmc-devilmaycry.exe"
"Supreme Commander 2","supremecommander2.exe"
"Deus Ex: Human Revolution - Director's Cut","dxhr.exe"
"Deus Ex: Human Revolution - Director's Cut","dxhrdc.exe"
"FreeStyle 2: Street Basketball","freestyle2.exe"
"Furi","furi.exe"
"Ultra Street Fighter IV","ssfiv.exe"
"RIFT","rift.exe"
"RIFT","glyphclientapp.exe"
"RIFT","rift_x64.exe"
"OneShot","oneshot.exe"
"High Octane Drift","highoctanedrift.exe"
"RUINER","ruiner-win64-shipping.exe"
"PHANTASY STAR ONLINE 2","pso2.exe"
"Sword With Sauce: Alpha","swordwithsauce-win64-shipping.exe"
"Mass Effect™","masseffect.exe"
"Turmoil","turmoil_pc_full.exe"
"Worms Armageddon","wa.exe"
"Pillars of Eternity II: Deadfire","pillarsofeternityii.exe"
"PC Building Simulator","pcbs.exe"
"Streets of Rogue","streetsofrogue.exe"
"Hitman: Absolution","hma.exe"
"Football Manager 2017","fm.exe"
"Atlas Reactor","glyphclientapp.exe"
"Max Payne 3","maxpayne3.exe"
"S.T.A.L.K.E.R.: Shadow of Chernobyl","xr_3da.exe"
"Rec Room","recroom_release.exe"
"My Time At Portia","portia.exe"
"Lost Castle","lost_castle.exe"
"Soda Dungeon","dungeon.exe"
"Fallout 3","fallout3.exe"
"RUNNING WITH RIFLES","rwr_game.exe"
"Emily is Away","emily is away.exe"
"Tactical Monsters Rumble Arena","tactical monsters.exe"
"PAYDAY: The Heist","payday_win32_release.exe"
"Brick Rigs","brickrigs-win64-shipping.exe"
"Star Conflict","game.exe"
"AdventureQuest 3D","aq3d.exe"
"Bayonetta","bayonetta.exe"
"Boring Man - Online Tactical Stickman Combat","boringmangame.exe"
"Mass Effect™ 2","me2game.exe"
"Mass Effect™ 2","masseffect2.exe"
"Shadow Warrior 2","shadowwarrior2.exe"
"DARK SOULS™ II","darksoulsii.exe"
"Empire: Total War","empire.exe"
"Burnout Paradise: The Ultimate Box","burnoutparadise.exe"
"Supraball","udk.exe"
"Supraball","udk.exe"
"Desolate","sh-win64-shipping.exe"
"Arma 2: Operation Arrowhead","arma2oa_be.exe"
"MU Legend","mulegend.exe"
"Aragami","aragami.exe"
"House Party","houseparty.exe"
"Relic Hunters Zero","relichunterszero.exe"
"EverQuest","eqclient.exe"
"EverQuest","eqgame.exe"
"WildStar","wildstar.exe"
"WildStar","wildstar64.exe"
"Spooky's Jump Scare Mansion","spooky.exe"
"S.T.A.L.K.E.R.: Call of Pripyat","xrengine.exe"
"S.T.A.L.K.E.R.: Call of Pripyat","stalker-cop.exe"
"Forts","forts.exe"
"Heroes of Newerth","hon.exe"
"Osiris: New Dawn","osirisnewdawn.exe"
"Shadow Warrior","sw.x64.exe"
"America's Army: Proving Grounds","aagame.exe"
"AION Free-to-Play","aion.bin"
"Stronghold Crusader 2","crusader2.exe"
"Owlboy","owlboy.exe"
"Reigns","reigns.exe"
"Zula Online","zula_launcher.exe"
"Tales of Berseria","tales of berseria.exe"
"Shooty Skies","shootyskies.exe"
"HunieCam Studio","huniecamstudio.exe"
"Bomber Crew","bombercrew.exe"
"Line of Sight","lsgame_be.exe"
"S.K.I.L.L. - Special Force 2","sf2.exe"
"S.K.I.L.L. - Special Force 2","sf2.exe"
"S.K.I.L.L. - Special Force 2","dfubg.exe"
"S.K.I.L.L. - Special Force 2","dfufg.exe"
"Mini Metro","minimetro.exe"
"ORION: Prelude","dinohordegame.exe"
"Tricky Towers","trickytowers.exe"
"Surgeon Simulator","ss2013.exe"
"The Jackbox Party Pack 4","the jackbox party pack 4.exe"
"Contagion","contagion.exe"
"SimplePlanes","simpleplanes.exe"
"RPG Maker MV","rpgmv.exe"
"FEZ","fez.exe"
"Five Nights at Freddy's","fivenightsatfreddys.exe"
"Injustice™ 2","injustice2.exe"
"Eternal Card Game","eternal.exe"
"CarX Drift Racing Online","drift racing online.exe"
"The Evil Within 2","tew2.exe"
"Death Road to Canada","prog.exe"
"Totally Accurate Battle Zombielator","game.exe"
"Mount & Blade: With Fire and Sword","mb_wfas.exe"
"Secret World Legends","secretworldlegends.exe"
"Secret World Legends","secretworldlegendsdx11.exe"
"Victoria II","victoria2.exe"
"Call to Arms","call_to_arms.exe"
"Mirror","game.exe"
"LEGO® Star Wars™: The Complete Saga","legostarwarssaga.exe"
"Just Fishing","justfishing.exe"
"Domina","domina.exe"
"Quake Live","quakelive.exe"
"Quake Live","quakelive_steam.exe"
"Orcs Must Die!","spitfiredashboard.exe"
"Loadout","loadout.exe"
"Farming Simulator 15","farmingsimulator2015game.exe"
"Rome: Total War","rometw.exe"
"Fallout 4 VR","fallout4vr.exe"
"Magicite","magicite.exe"
"Bully: Scholarship Edition","bully.exe"
"Nidhogg","nidhogg.exe"
"Black Survival","blacksurvival.exe"
"FORTIFY","fortify.exe"
"Avorion","avorion.exe"
"Serious Sam 3: BFE","sam3.exe"
"Gold Rush: The Game","goldrushthegame.exe"
"The Red Solstice","game.exe"
"Ni no Kuni™ II: Revenant Kingdom","nino2.exe"
"Rock of Ages 2","roa2-win64-shipping.exe"
"Skyforge","skyforge.exe"
"Meteor 60 Seconds!","meteor60seconds.exe"
"Yu-Gi-Oh! Legacy of the Duelist","yugioh.exe"
"Beat Saber","beat saber.exe"
"SpellForce 3","sf3clientfinal.exe"
"Titan Quest Anniversary Edition","tq.exe"
"SEGA Mega Drive & Genesis Classics","segagameroom.exe"
"PUBG: Test Server","execpubg.exe"
"Overgrowth","overgrowth.exe"
"Dream Daddy: A Dad Dating Simulator","ddadds.exe"
"Kingdoms of Amalur: Reckoning™","reckoning.exe"
"Star Citizen","starcitizen.exe"
"Need for Speed: Hot Pursuit","nfs11.exe"
"Battlefield™ Hardline","bfh.exe"
"World of Warplanes","worldofwarplanes.exe"
"Train Simulator","railworks.exe"
"Tiger Knight","frontend.exe"
"Ball 3D: Soccer Online","ball 3d.exe"
"Passpartout: The Starving Artist","passpartout.exe"
"Monster Prom","monsterprom.exe"
"Totally Accurate Battlegrounds","totallyaccuratebattlegrounds.exe"
"Vampyr","avgame-win64-shipping.exe"
"Outlast 2","outlast2.exe"
"Portal Knights","portal_knights_x64.exe"
"Fortified","fenris-win64-shipping.exe"
"TOXIKK","toxikk.exe"
"Battle Carnival","bc.exe"
"iRacing","iracingsim.exe"
"iRacing","iracingsim64.exe"
"CrossFire","crossfire.exe"
"FarCry 4","farcry4.exe"
"Celeste","celeste.exe"
"Audiosurf","audiosurf.exe"
"Baldur's Gate: Enhanced Edition","baldur.exe"
"Sid Meier's Civilization III: Complete","civ3conquests.exe"
"Warhammer 40,000: Inquisitor - Martyr","warhammer_x64_11.exe"
"MONMUSU","game.exe"
"Little Nightmares","littlenightmares.exe"
"RollerCoaster Tycoon: Deluxe","rct.exe"
"Halo Wars: Definitive Edition","xgamefinal.exe"
"Jurassic World Evolution","jwe.exe"
"Defiance","defiance.exe"
"Defiance","glyphclientapp.exe"
"Thief","shipping-thiefgame.exe"
"From The Depths","from_the_depths.exe"
"A Story About My Uncle","asamu-win32-shipping.exe"
"Moonlighter","moonlighter.exe"
"Pirate101","pirate.exe"
"Pirate101","pirate101.exe"
"Dreadnought","dreadgame-win64-shipping.exe"
"Napoleon: Total War","napoleon.exe"
"Alliance of Valiant Arms","ava.exe"
"Arpiel Online","arpiel.exe"
"ManiaPlanet","maniaplanet.exe"
"마비노기 영웅전","heroes.exe"
"Lineage II","l2.exe"
"Lineage II","lineageii.exe"
"MapleStory 2","maplestory2.exe"
"PPSSPP","ppssppwindows.exe"
"PPSSPP","ppssppwindows64.exe"
"Command & Conquer™: Generals and Zero Hour","generals.exe"
"Nox APP Player","nox.exe"
"Tribes: Ascend","tribesascend.exe"
"Medieval Engineers","medievalengineers.exe"
"Cuisine Royale","enlisted.exe"
"Witch It","propwitchhuntmodule-win64-shipping.exe"
"GRID 2","grid2.exe"
"GRID 2","grid2_avx.exe"
"Mark of the Ninja","game.exe"
"Nomad","nomad.exe"
"GORN","gorn.exe"
"Unreal Gold","unreal.exe"
"Shadowrun Returns","shadowrun.exe"
"Space Hulk: Deathwing - Enhanced Edition","spacehulkgame-win64-shipping.exe"
"Colony Survival","colonyclient.exe"
"Murder Miners","murder miners.exe"
"GOD EATER 2 Rage Burst","ge2rb.exe"
"Aimtastic","aimtastic.exe"
"Tom Clancy's The Division Trial","thedivision.exe"
"Call of Duty: Infinite Warfare","iw7_ship.exe"
"Transistor","transistor.exe"
"LEGO® MARVEL Super Heroes","legomarvel.exe"
"Salt and Sanctuary","salt.exe"
"Transport Fever","transportfever.exe"
"EARTH DEFENSE FORCE 4.1  The Shadow of New Despair","edf41.exe"
"The Crew 2","thecrew2.exe"
"Titan Souls","titan.exe"
"METAL GEAR RISING: REVENGEANCE","metal gear rising revengeance.exe"
"Next Day: Survival","nextday_game.exe"
"Robot Roller-Derby Disco Dodgeball","disco dodgeball.exe"
"Life is Feudal: Your Own","yo_cm_client.exe"
"Blood Bowl 2","bloodbowl2_dx_32.exe"
"Poker Night 2","pokernight2.exe"
"Five Nights at Freddy's 2","fivenightsatfreddys2.exe"
"The Awesome Adventures of Captain Spirit","captainspirit-win64-shipping.exe"
"Freeman: Guerrilla Warfare","freeman guerrilla warfare.exe"
"Hammerwatch","hammerwatch.exe"
"RollerCoaster Tycoon 3: Platinum!","rct3plus.exe"
"Jalopy","jalopy.exe"
"Ultimate Custom Night","ultimate custom night.exe"
"Fable Anniversary","fable anniversary.exe"
"Pavlov VR","pavlov-win64-shipping.exe"
"Styx: Shards of Darkness","styx2-win64-shipping.exe"
"Audiosurf 2","audiosurf2.exe"
"Slap City","slap city.exe"
"Natural Selection 2","ns2.exe"
"To the Moon","to the moon.exe"
"Devil May Cry® 4 Special Edition","devilmaycry4_dx10.exe"
"Devil May Cry® 4 Special Edition","devilmaycry4_dx9.exe"
"Devil May Cry® 4 Special Edition","devilmaycry4specialedition.exe"
"Devil May Cry® 4 Special Edition","devimaycry4.exe"
"The Evil Within","evilwithin.exe"
"Lords Of The Fallen","lordsofthefallen.exe"
"Five Nights at Freddy's: Sister Location","sisterlocation.exe"
"fin-dev","legoninjago_dx11.exe"
"The Jackbox Party Pack","tjpp.exe"
"NEKOPARA Vol. 1","nekopara_vol1.exe"
"Grand Theft Auto III","gta3.exe"
"Worlds Adrift","worldsadrift.exe"
"We Were Here Too","we were here too.exe"
"Farm Together","farmtogether.exe"
"Vampire: The Masquerade - Bloodlines","vampire.exe"
"Stoneshard: Prologue","stoneshard.exe"
"Cook, Serve, Delicious! 2!!","csd2.exe"
"Warhammer 40,000: Dawn of War - Dark Crusade","darkcrusade.exe"
"FINAL FANTASY X/X-2 HD Remaster","ffx.exe"
"Heavy Metal Machines","hmm.exe"
"SOS","sos-win64-shipping.exe"
"Wreckfest","wreckfest_x64.exe"
"Card Hunter","cardhunter.app"
"Card Hunter","cardhunter.exe"
"Gear Up","traktor.amalgam.app.exe"
"Amorous","amorous.game.windows.exe"
"Pixel Worlds","pixelworlds.exe"
"Starbound","starbound.app"
"Starbound","starbound.exe"
"Starbound","starbound_opengl.exe"
"Montaro","nw.exe"
"Paladins - Public Test","paladins.exe"
"LawBreakers","lawbreakers.exe"
"Hot Dogs, Horseshoes & Hand Grenades","h3vr.exe"
"RollerCoaster Tycoon 2: Triple Thrill Pack","openrct2.exe"
"RollerCoaster Tycoon 2: Triple Thrill Pack","rct2.exe"
"Crash Bandicoot™ N. Sane Trilogy","crashbandicootnsanetrilogy.exe"
"Islands of Nyne: Battle Royale","ionbranch.exe"
"Islands of Nyne: Battle Royale","ionbranch_be.exe"
"Rules Of Survival","ros.exe"
"Age of Wonders III","aow3.exe"
"S.T.A.L.K.E.R.: Clear Sky","xrengine.exe"
"S.T.A.L.K.E.R.: Clear Sky","xrengine.exe"
"Russian Fishing 4","rf4_x64.exe"
"Omensight","omensight.exe"
"Sundered","sundered.exe"
"Project Highrise","game.exe"
"Crookz - The Big Heist","crookz.exe"
"System Shock: Enhanced Edition","sshock.exe"
"System Shock: Enhanced Edition","system shock.exe"
"The Metronomicon: Slay The Dance Floor","metronomicon.exe"
"Dungeons 2","dungeons2.exe"
"Tropico 4","tropico4.exe"
"Red Faction Guerrilla Re-Mars-tered","rfg.exe"
"Hellbound: Survival Mode","hellbound-win64-shipping.exe"
"MAD MACHINES","madmachines.exe"
"METAL GEAR SOLID V: GROUND ZEROES","mgsgroundzeroes.exe"
"Bloody Trapland","bloody trapland.exe"
"Worm.is: The Game","wormis.exe"
"Cossacks 3","cossacks.exe"
"Guild Wars","gw.exe"
"The Sims 2: Ultimate Collection","sims2ep9.exe"
"Dragon Age: Origins","daorigins.exe"
"Project Rhombus","project_rhombus.exe"
"Climb","climb.exe"
"Command and Conquer: Red Alert 3","ra3.exe"
"Command and Conquer: Red Alert 3","ra3ep1.exe"
"Clone Drone in the Danger Zone","clone drone in the danger zone.exe"
"This Is the Police 2","police2.exe"
"Darksiders III","darksiders3.exe"
"Dead Rising 3","deadrising3.exe"
"Dino D-Day","dinodday.exe"
"Banner Saga 3","the banner saga 3.exe"
"War Robots","warrobots.exe"
"MOBIUS FINAL FANTASY","mobiusff.exe"
"Democracy 3","democracy3.exe"
"Poker Night at the Inventory","celebritypoker.exe"
"Momodora: Reverie Under the Moonlight","momodorarutm.exe"
"Arizona Sunshine","arizonasunshine.exe"
"de Blob","deblob.exe"
"de Blob 2","deblob2.exe"
"Kenshi","kenshi_x64.exe"
"140","140.exe"
"RaceRoom Racing Experience","rrre64.exe"
"Stronghold Crusader HD","stronghold crusader.exe"
"Sniper Ghost Warrior 3","sgw3.exe"
"Motorsport Manager","mm.exe"
"Beholder","beholder.exe"
"BlazBlue Cross Tag Battle","bbtag.exe"
"Warhammer 40,000: Dawn of War - Game of the Year Edition","w40k.exe"
"Feed and Grow: Fish","feed and grow.exe"
"Punch Club","punch club.exe"
"Half dead","halfdead.exe"
"Worms W.M.D","worms w.m.d.exe"
"Pyre","pyre.exe"
"MONSTER HUNTER: WORLD","monsterhunterworld.exe"
"Viridi","viridi.exe"
"Offworld Trading Company","offworld.exe"
"West of Loathing","west of loathing.exe"
"The Ultimate DOOM","dosbox.exe"
"Last Year: The Nightmare","lastyear-win64-shippinggame.exe"
"Rampage Knights","rampage_knights.exe"
"Yakuza 0","yakuza0.exe"
"Rend","otherlandsclient-win64-shipping.exe"
"Overcooked! 2","overcooked2.exe"
"Fallout 2","fallout2.exe"
"Fallout 2","fallout2hr.exe"
"DEATHGARDEN","theexit-win64-shipping.exe"
"RAGE","rage.exe"
"Orwell","orwell.exe"
"Time Clickers","timeclickers.exe"
"Prominence Poker","prominence-win64-shipping.exe"
"Wrecked","getwrecked.exe"
"Paintball War","paintball war.exe"
"Post Scriptum","postscriptum.exe"
"Crawl","crawl.exe"
"Danganronpa: Trigger Happy Havoc","danganronpa.exe"
"911 Operator","911.exe"
"How to Survive 2","howtosurvive2.exe"
"Dead Rising 2","deadrising2.exe"
"Graveyard Keeper","graveyard keeper.exe"
"Shower With Your Dad Simulator 2015: Do You Still Shower With Your Dad","showerdad.exe"
"Valkyria Chronicles™","valkyria.exe"
"Hot Lava","hotlava.exe"
"SimCity 4 Deluxe","simcity 4.exe"
"BROKE PROTOCOL: Online City RPG","brokeprotocol.exe"
"We Need to Go Deeper","weneedtogodeeper.exe"
"Roguelands","roguelands.exe"
"UNO Demo","uno.exe"
"SCUM","scum.exe"
"The Witcher Enhanced Edition Director's Cut","witcher.exe"
"Call of War","call of war.exe"
"Battle for Wesnoth","wesnoth.exe"
"LISA","lisa.exe"
"Warhammer 40,000: Space Marine","spacemarine.exe"
"Insurgency: Sandstorm","insurgencyclient-win64-shipping.exe"
"Onward","onward.exe"
"Two Point Hospital","tph.exe"
"Talisman: Digital Edition","talisman.exe"
"Gunpoint","gunpoint.exe"
"Call of Duty 4: Modern Warfare","iw3mp.exe"
"Call of Duty 4: Modern Warfare","iw3sp.exe"
"Dead Frontier 2","deadfrontier2.exe"
"Stronghold Crusader Extreme HD","stronghold crusader.exe"
"Throne of Lies","throneoflies.exe"
"Throne of Lies","throneoflies.x86 "
"Bad North","badnorth.exe"
"Hunger Dungeon","hungerdungeon.exe"
"The Dig","the dig.exe"
"Deus Ex: Game of the Year Edition","deusex.exe"
"Galactic Civilizations II: Ultimate Edition","gc2twilightofthearnor.exe"
"Stick Fight: The Game","stickfight.exe"
"Sid Meier's Civilization® IV Complete","civilization4.exe"
"XCOM Enemy Unknown","xcomew.exe"
"XCOM Enemy Unknown","xcomgame.exe"
"Dungeon Defenders","dundefgame.exe"
"NBA 2K17","nba2k17.exe"
"Hyperdimension Neptunia Re;Birth1","neptuniarebirth1.exe"
"sZone-Online","szoneonline.exe"
"Resident Evil Revelations 2 / Biohazard Revelations 2","rerev2.exe"
"Trine Enchanted Edition","trine.app"
"Trine Enchanted Edition","trine.exe"
"Trine Enchanted Edition","trine1_32bit.exe"
"Trine 3: The Artifacts of Power","trine3_32bit.exe"
"Trine 3: The Artifacts of Power","trine3_64bit.exe"
"Trine 2: Complete Story","trine2.app"
"Trine 2: Complete Story","trine2_32bit.exe"
"Job Simulator","jobsimulator.exe"
"FIFA 16","fifa16.exe"
"Construction-Simulator 2015","consim2015.exe"
"Wasteland 2: Director's Cut","wl2.exe"
"System Shock 2","shock2.exe"
"System Shock 2","ss2.exe"
"System Shock 2","system shock2.exe"
"Shadow of the Tomb Raider","sottr.exe"
"ONRAID","onraid.exe"
"Call of Duty Black Ops 4","blackops4.exe"
"Simply Chess","chess.exe"
"Chaos Reborn","chaosrebornwin64.exe"
"Broken Age","brokenage.exe"
"Dangerous Waters","steamrun.exe"
"Disciples II: Gallean's Return","discipl2.exe"
"Disciples Sacred Lands Gold","disciple.exe"
"FlatOut 2","flatout2.exe"
"FlatOut: Ultimate Carnage","fouc.exe"
"Fleet Command","steamrun.exe"
"Space Empires IV Deluxe","se4.exe"
"Sub Command","steamrun.exe"
"Masters of Anima","masters of anima.exe"
"Pony Island","ponyisland.exe"
"VVVVVV","vvvvvv.exe"
"Guacamelee! Super Turbo Championship Edition","game.exe"
"The End Is Nigh","theendisnigh.exe"
"TowerFall Ascension","towerfall.exe"
"DRAGON QUEST® XI: Echoes of an Elusive Age™","dragon quest xi.exe"
"Regular Human Basketball","regularhumanbasketball.exe"
"F1 2018","f1_2018.exe"
"Never Split the Party","never split the party.exe"
"The Wolf Among Us","thewolfamongus.exe"
"Brothers - A Tale of Two Sons","brothers.exe"
"ABZU","abzugame-win64-shipping.exe"
"Last Day of June","lastdayofjune.exe"
"Cities in Motion","cities in motion.exe"
"Darkest Hour: A Hearts of Iron Game","darkest hour.exe"
"Darkest Hour: A Hearts of Iron Game","darkest houren.exe"
"Darkest Hour: A Hearts of Iron Game","darkest hourkr.exe"
"Europa Universalis III","eu3.exe"
"Europa Universalis III","eu3game.exe"
"Hearts of Iron III","hoi3.exe"
"Hearts of Iron III","hoi3_tfh.exe"
"Hearts of Iron III","hoi3_tfh_kor.exe"
"Hearts of Iron III","hoi3game.exe"
"Majesty Gold HD","majestyhd.exe"
"Shadowrun: Dragonfall - Director's Cut","dragonfall.exe"
"Torchlight","torchlight.exe"
"STAR WARS™ Republic Commando™","swrepubliccommando.exe"
"Oddworld: Stranger's Wrath","stranger.exe"
"Vegas: Make It Big","casino.exe"
"STAR WARS™ Galactic Battlegrounds Saga","battlegrounds.exe"
"STAR WARS™ Galactic Battlegrounds Saga","battlegrounds_cc.exe"
"STAR WARS™ Galactic Battlegrounds Saga","battlegrounds_x1.exe"
"STAR WARS™ Galactic Battlegrounds Saga","battlegrounds_x2.exe"
"STAR WARS™ Galactic Battlegrounds Saga","swgbg.exe"
"STAR WARS™ Galactic Battlegrounds Saga","swgbwide_x1.exe"
"The Walking Dead: The Final Season","walkingdead4.exe"
"STAR WARS™ Jedi Knight: Dark Forces II","jedi.exe"
"STAR WARS™ Jedi Knight: Dark Forces II","jediknight.exe"
"STAR WARS™ Jedi Knight: Dark Forces II","jk.exe"
"Yooka-Laylee","yookalaylee64.exe"
"The Secret of Monkey Island: Special Edition","mise.exe"
"The Secret of Monkey Island: Special Edition","misec.exe"
"STAR WARS™ Jedi Knight II: Jedi Outcast™","jk2mp.exe"
"STAR WARS™ Jedi Knight II: Jedi Outcast™","jk2mvmp_x64.exe"
"STAR WARS™ Jedi Knight II: Jedi Outcast™","jk2mvmp_x86.exe"
"STAR WARS™ Jedi Knight II: Jedi Outcast™","jk2sp.exe"
"Star Wars: Knights of the Old Republic","swkotor.exe"
"Star Wars: Dark Forces","dosbox.exe"
"Ascension: Deckbuilding Game","ascension.exe"
"Ascension: Deckbuilding Game","ascensiongame.exe"
"Ashes of the Singularity: Escalation","ashesescalation_dx11.exe"
"Ticket to Ride","ticket to ride.exe"
"Killer Queen Black","killer queen black.exe"
"Killer Queen Black","killerqueenx.exe"
"Oddworld: New 'n' Tasty","nnt.exe"
"Out of the Park Baseball 18","ootp18.exe"
"Tropico 3","tropico3.exe"
"Hearts of Iron II","hoi2.exe"
"Ring of Elysium","europa_client.exe"
"Victoria I","victoria.exe"
"Indiana Jones and the Fate of Atlantis","indiana jones and the fate of atlantis.exe"
"Monkey Island 2: Special Edition","monkey2.exe"
"Euro Truck Simulator","eurotrucks.exe"
"Galactic Civilizations III","galciv3.exe"
"The Culling","victory.exe"
"RPG Maker VX Ace","rpgvxace.exe"
"The Wild Eight","wildeight.exe"
"Planetbase","planetbase.exe"
"Aliens vs. Predator","avp3.exe"
"Aliens vs. Predator","avp_dx11.exe"
"BlazBlue Centralfiction","bbcf.exe"
"Blacklight: Retribution","foxgame-win32-shipping.exe"
"20XX","20xx.exe"
"Warhammer 40,000: Dawn of War II - Retribution","dow2.exe"
"Legion TD 2","legion td 2.exe"
"Coloring Pixels","coloringpixels.exe"
"Art of War: Red Tides","u1game.exe"
"Battlerite Royale","battleriteroyale.exe"
"Rogue Legacy","roguelegacy.exe"
"Mist Survival","mistsurv-win64-shipping.exe"
"A Kiss For The Petals - Remembering How We Met","rememberinghowwemet.exe"
"A Sky Full of Stars","advhd.exe"
"A Study in Steampunk: Choice by Gaslight","a study in steampunk choice by gaslight.app"
"A Study in Steampunk: Choice by Gaslight","studyinsteampunk.exe"
"Action Henk","actionhenk.exe"
"Aeon Rivals","aeon rivals.exe"
"Age of Conan","ageofconan.exe"
"Age of Conan","ageofconandx10.exe"
"AI War: Fleet Command","aiwar.exe"
"Alan Wake's American Nightmare","alan_wakes_american_nightmare.exe"
"Albion Online","albion-online.app"
"Albion Online","albion-online.exe"
"Alien Breed 2: Assault","alienbreed2assault.exe"
"Altitude","altitude.exe"
"Anarchy Online","anarchy.exe"
"Anarchy Online","anarchyonline.exe"
"ANNO 1404","anno4.exe"
"Anno 2205","anno2205.exe"
"Antichamber","udk.exe"
"Ascent - The Space Game","thespacegame.exe"
"Assault Android Cactus","cactus.exe"
"Astebreed","astebreed.exe"
"Axiom Verge","axiomverge.exe"
"Bad Rats","rats.exe"
"Bare Metal","baremetal.exe"
"Battle Squares","battlesquares.exe"
"Battlefield 2","bf2.exe"
"Battlefield 2142","bf2142.exe"
"Beat Hazard","beathazard.exe"
"Bejeweled 3","bejeweled3.exe"
"Bejeweled Blitz","bejblitz.exe"
"Blade Symphony","berimbau.exe"
"Blake Stone: Planet Strike","dosbox.exe"
"Block Sport","blocksport.exe"
"Block Sport","heroblocks.exe"
"Blockland","blockland.exe"
"Bloodline Champions","bloodlinechampions.exe"
"Boid","boid.exe"
"Braid","braid.exe"
"Bulletstorm","shippingpc-stormgame.exe"
"C9","c9.exe"
"CABAL Online","cabal.exe"
"CABAL Online","cabalmain.exe"
"Call of Duty 2","cod2mp_s.exe"
"Call of Duty 2","cod2sp_s.exe"
"Call of Juarez","coj.exe"
"Call of Juarez","coj_dx10.exe"
"Cargo Commander","cargocommander.app"
"Cargo Commander","cargocommander.exe"
"Chronicon","chronicon.exe"
"CLANNAD","realliveen.exe"
"CLANNAD Side Stories","realliveen.exe"
"Clive Barker's Undying","undying.exe"
"Clonk Rage","clonk.exe"
"Cloudbuilt","cloudbuilt.exe"
"Combat Arms","engine.exe"
"Combat Arms","combatarms.exe"
"Command and Conquer 3: Kane's Wrath","cnc3ep1.exe"
"Company of Heroes","reliccoh.exe"
"Cook, Serve, Delicious!","csdgogbuild.exe"
"Cook, Serve, Delicious!","csdsteambuild.exe"
"Creation Kit","creationkit.exe"
"Creation Kit","creationkit32.exe"
"Creeper World 3: Arc Eternal","cw3.exe"
"Crimsonland","crimsonland.exe"
"Crowfall","crowfallclient.exe"
"CRYPTARK","cryptark.exe"
"Crysis","crysis.exe"
"Crysis","crysis64.exe"
"Crysis 2","crysis2.exe"
"Crysis 3","crysis3.exe"
"Cyphers","cyphers.exe"
"DarkStar One","darkstarone.exe"
"DCS World","dcs.exe"
"Dead Space 2","deadspace2.exe"
"DeadCore","deadcore.exe"
"Deathsmiles","default.exe"
"Debugger 3.16: Hack'n'Run","debugger.exe"
"Defense Grid 2","defensegrid2_release.exe"
"Depression Quest","depressionquest.exe"
"Devil Daggers","dd.exe"
"Devilian","devilian.exe"
"Devilian","glyphclientapp.exe"
"Diablo","diablo.exe"
"Diablo II","diablo ii.exe"
"Diablo II","game.exe"
"Diadra Empty","diadraempty.exe"
"Diadra Empty","diadraempty154lw.exe"
"Diadra Empty","diadraempty154plus.exe"
"DiRT 3","dirt3_game.exe"
"Distance","distance.exe"
"Dominions 4","dominions4.exe"
"DOOM 3","doom.exe"
"DOOM 3","doom3.exe"
"Double Dragon Neon","doubledragon.exe"
"Downwell","downwell.exe"
"Dragon Age II","dragonage2.exe"
"Dragon Fin Soup","dragonfinsoup.exe"
"Dragon Nest","dragonnest.exe"
"Dragon's Dogma Online","ddo.exe"
"Dropzone","juggernautclient_x32_rel.exe"
"Dropzone","dropzonesteamclient_x32_rel.exe"
"Duke Nukem Forever","dukeforever.exe"
"Dungeon Fighter Online","dfo.exe"
"Dungeonland","dungeonland.exe"
"Dungeons & Dragons Online®","dndclient.exe"
"Dust: An Elysian Tail","dustaet.exe"
"Dustforce","dustforce.app"
"Dustforce","dustforce.exe"
"Entropia Universe","entropia.exe"
"EverQuest II","everquest2.exe"
"Evoland 2","evoland2.exe"
"Evolve","evolve.exe"
"Fairy Fencer F","fairyfencer.exe"
"FIFA 15","fifa15.exe"
"Final Fantasy III","ff3_win32.exe"
"FINAL FANTASY V","ffv_game.exe"
"FINAL FANTASY VI","ff6.exe"
"FINAL FANTASY VIII","ff8_en.exe"
"FINAL FANTASY VIII","ff8_es.exe"
"FINAL FANTASY VIII","ff8_fr.exe"
"FINAL FANTASY XIII","ffxiiiimg.exe"
"FINAL FANTASY XIII-2","ffxiii2.exe"
"FINAL FANTASY XIII-2","ffxiii2img.exe"
"Firefall","firefallclient.exe"
"Flamebreak","flamebreak.exe"
"Flyff","neuz.exe"
"Football Manager 2014","fm.exe"
"Football Manager 2016","fm.exe"
"Forza Horizon 3","forza_x64_release_final.exe"
"Forza Motorsport 7","forzamotorsport7.exe"
"Fran Bow","fran bow.exe"
"Free to Play","ftp.exe"
"Freedom Planet","fp.exe"
"Frontier","frontier.exe"
"Frontier","client.jar"
"Furcadia","furcadia.exe"
"Gears of War 4","geargame.exe"
"Granado Espada","ge.exe"
"GRAV","caggame-win64-shipping.exe"
"GRAV","caggameserver.exe"
"Grey Goo","goog.exe"
"scram","scram.exe"
"Groove Coaster","gcst.exe"
"Grow Home","growhome.exe"
"Guardians of Ember","client_x86.exe"
"GUILTY GEAR XX ACCENT CORE PLUS R","ggxxacpr_win.exe"
"Guitar Hero World Tour","ghwt.exe"
"Halo Custom Edition","haloce.exe"
"Halo: Combat Evolved","halo.exe"
"Hand of Fate","hand of fate.exe"
"Hard West","hardwest.exe"
"Hate Plus","hate plus.app"
"Hate Plus","hate plus.exe"
"Hatoful Boyfriend","hatoful.exe"
"HAWKEN","hawkengame-win32-shipping.exe"
"HAWKEN","hawkengame-win64-shipping.exe"
"HEX: Shards of Fate","hex.exe"
"Hitman: Blood Money","hitmanbloodmoney.exe"
"Hoshizora no Memoria -Wish upon a Shooting Star-","hoshimemo.exe"
"Hoshizora no Memoria -Wish upon a Shooting Star-","memoria.exe"
"ibb & obb","ibbobb.exe"
"In Death","indeath-win64-shipping.exe"
"Intruder","intruder.exe"
"Jade Empire: Special Edition","jadeempire.exe"
"Jurassic Park: The Game","jurassicpark100.exe"
"Kindred Spirits on the Roof","kindredspirits.exe"
"King Arthur's Gold","kag.exe"
"Krosmaster Arena","krosmaster arena.exe"
"Krosmaster Arena","krosmaster.exe"
"Landmark","launchpad.exe"
"Landmark","landmark64.exe"
"Lara Croft and the Guardian of Light","lcgol.exe"
"Legend of Dungeon","legendofdungeon.exe"
"LIGHTNING RETURNS: FINAL FANTASY XIII","lrff13.exe"
"Limit Ragnarok Online","lro.exe"
"Lineage","lineage.exe"
"Chris Sawyer's Locomotion","loco.exe"
"Long Live The Queen","longlivethequeen.exe"
"Lovely Planet","lovelyplanet.exe"
"Lovers in a Dangerous Spacetime","loversinadangerousspacetime.exe"
"Lumini","lumini_win64.exe"
"LYNE","lyne.exe"
"Magic Realm: Online","mro-win64-shipping.exe"
"Marvel Heroes 2015","marvelheroes2015.exe"
"Marvel Heroes 2015","marvelheroesomega.exe"
"Marvel Heroes 2016","marvelheroes2016.exe"
"Marvel Heroes 2016","marvelheroesomega.exe"
"Massive","massive.exe"
"Master Reboot","masterreboot.exe"
"Nekojishi","nekojishi.exe"
"How to Survive","howtosurvive.exe"
"Pathfinder: Kingmaker","kingmaker.exe"
"NEKOPARA Vol. 0","nekopara_vol0.exe"
"Necropolis","necropolis.exe"
"Assassin's Creed Odyssey","acodyssey.exe"
"Craft The World","craftworld.exe"
"Midair","midair-win64-test.exe"
"CrossCode","crosscode-beta.exe"
"Jotun","jotun.exe"
"Monster Slayers","monster slayers db.exe"
"We Happy Few","glimpsegame.exe"
"Lost Saga North America","lostsaga.exe"
"Men of War: Assault Squad","mow_assault_squad.exe"
"Men of War: Assault Squad","mow_assault_squad_ed.exe"
"Men of War: Assault Squad","mow_assualt_squad.exe"
"Might & Magic Heroes VI","might & magic heroes vi.exe"
"Might & Magic Heroes VII","mmh7game-win64-shipping.exe"
"MOTHERGUNSHIP","towerofguns2-win64-shipping.exe"
"Mountain","mountain.exe"
"Mudlet","mudlet.exe"
"Mugen Souls","mugensouls.exe"
"NARUTO SHIPPUDEN: Ultimate Ninja STORM 3 Full Burst","ns3fb.exe"
"NARUTO SHIPPUDEN: Ultimate Ninja STORM 3 Full Burst","nsuns3.exe"
"NARUTO SHIPPUDEN: Ultimate Ninja STORM Revolution","nsunsr.exe"
"Need for Speed: Carbon","nfsc.exe"
"NEO Scavenger","neoscavenger.exe"
"Neocron Evolution","neocronclient.exe"
"Next Car Game: Wreckfest","wreckfest.exe"
"Next Car Game: Wreckfest","wreckfest_x64.exe"
"Nicole (otome version)","nicole.exe"
"Nosgoth","nosgoth.exe"
"ONE PIECE PIRATE WARRIORS 3","oppw3.exe"
"ONI","oni.exe"
"Peggle Deluxe","peggle.exe"
"Peggle Deluxe","popcapgame1.exe"
"Peggle Extreme","peggleextreme.exe"
"Peggle Extreme","popcapgame1.exe"
"Pinball Arcade","pinaball arcade.exe"
"Pinball Arcade","pinballarcade.exe"
"Pixel Dungeon","pd.exe"
"Pixel Dungeon","pixel_dungeons.exe"
"PixelJunk Shooter Ultimate","shooterultimate.exe"
"PixelJunk™ Shooter Ultimate","shooterultimate.exe"
"MechWarrior: Living Legends","crysis.exe"
"MechWarrior: Living Legends","mwlllauncher.exe"
"Plants vs. Zombies: Game of the Year","popcapgame1.exe"
"Plants vs. Zombies: Game of the Year","plantsvszombies.exe"
"Poi","poi.exe"
"PokeMMO","pokemmo.exe"
"PokerStars","pokerstars.exe"
"Prepar3D","prepar3d.exe"
"Primal Carnage","primalcarnagegame.exe"
"Prime World","castle.exe"
"Prime World","pw_game.exe"
"ProjectRIK","rik.exe"
"Proteus","proteus.exe"
"Pyrite Heart","pyrite heart.exe"
"Quake II","quake2.exe"
"Quiplash","quiplash.exe"
"Race The Sun","racethesun.exe"
"Ragnarok Online","clragexe.exe"
"Ragnarok Online","ragexe.exe"
"Rappelz","sframe.exe"
"Rayman 2 - The Great Escape","rayman2.exe"
"Re-Volt","revolt.exe"
"Re-Volt","rvgl.exe"
"Reassembly","reassemblyrelease.exe"
"ReCore","recore.exe"
"Resident Evil Revelations / Biohazard Revelations","rerev.exe"
"Hidden Folks","hidden folks.exe"
"Tales of Escape","talesofescape.exe"
"BLOCKPOST","blockpost.exe"
"Moon Hunters","moonhunters.exe"
"Serious Sam 2","sam2.exe"
"Resident Evil / biohazard HD REMASTER","bhd.exe"
"The Walking Dead: Season Two","thewalkingdead2.exe"
"pla_toon","pla_toon-win64-shipping.exe"
"Darkwood","darkwood.exe"
"NBA 2K19","nba2k19.exe"
"I am Bread","iambread.exe"
"CreativeDestruction","client.exe"
"Bigscreen Beta","bigscreen.exe"
"Fuse","fuse.exe"
"Sonic Generations","sonicgenerations.exe"
"Zeus' Battlegrounds","zeus-win64-shipping.exe"
"The Misfits","themisfits.exe"
"World War 3","ww3-win64-shipping.exe"
"SOULCALIBUR VI","soulcaliburvi.exe"
"Oh...Sir! The Insult Simulator","ohsir.exe"
"Danganronpa 2: Goodbye Despair","dr2_us.exe"
"OVERKILL's The Walking Dead - BETA","otwd-win64-shipping.exe"
"Call of Cthulhu","callofcthulhu.exe"
"Asheron's Call","acclient.exe"
"Reflex Arena","reflex.exe"
"Retro City Rampage™ DX","retrocityrampage.exe"
"Reus","reus.app"
"Reus","reus.exe"
"Revelation Online","tianyu.exe"
"rFactor","rfactor.exe"
"rFactor 2","rfactor2.exe"
"Rogue System","roguesystemsim.exe"
"Sakura Angels","sakura angels.exe"
"Sakura Clicker","sakura clicker.exe"
"Sakura Spirit","sakura spirit.exe"
"Screencheat","screencheat.exe"
"Scrivener","scrivener.exe"
"Secret Ponchos","secretponchosd3d11.exe"
"Secrets of Grindea","secrets of grindea.exe"
"Shadowgrounds","shadowgrounds.exe"
"Shadowgrounds: Survivor","survivor.exe"
"Shadowrun","shadowrun.exe"
"Shantae and the Pirate's Curse","shantae and the pirate's curse.exe"
"Shantae and the Pirate's Curse","shantaecurse.exe"
"Shattered Skies","shatteredskies.exe"
"Shattered Skies","lms.exe"
"Sid Meier's Railroads!","railroads.exe"
"SinaRun","sinarun.app"
"SinaRun","sinarun.exe"
"Slime CCG","los-win64-shipping.exe"
"Slime CCG","slime ccg.exe"
"Snes9x","snes9x.exe"
"Songbringer","songbringer.exe"
"Sonic Adventure DX","sonic adventure dx.exe"
"Sonic Lost World","slw.exe"
"Soul Axiom","soulaxiom.exe"
"Space Pirates and Zombies","spazgame.exe"
"SpaceChem","spacechem.exe"
"Spider-Man 3","game.exe"
"Sprint Vector","sprintvector-win64-shipping.exe"
"Startup Company","startupcompany.exe"
"Steel Ocean","seagame.exe"
"STEINS;GATE","game.exe"
"STEINS;GATE","steinsgate.exe"
"Steredenn","steredenn.exe"
"STRAFE","strafe.exe"
"Strife","strife.exe"
"Strife: Veteran Edition","strife-ve.exe"
"Styx: Master of Shadows","styxgame.exe"
"Suguri","suguri.exe"
"Super Monday Night Combat","supermncgameclient.exe"
"Superbrothers: Sword & Sworcery EP","swordandsworcery_pc.exe"
"SURV1V3","survive-win64-shipping.exe"
"SWAT 4","swat4.exe"
"SWAT 4","swat4x.exe"
"Sword Coast Legends","swordcoast.exe"
"Sword of Asumi","sword of asumi.exe"
"SYNTHETIK","synthetik.exe"
"Take On Mars","tkom.exe"
"Tales from the Borderlands","borderlands.exe"
"Tales from the Borderlands","borderlands.exe"
"Tales of Maj'Eyal","t-engine.exe"
"Tales of Monkey Island","monkeyisland101.exe"
"Tales of Monkey Island","monkeyisland102.exe"
"Tales of Monkey Island","monkeyisland103.exe"
"Tales of Monkey Island","monkeyisland104.exe"
"Tales of Monkey Island","monkeyisland105.exe"
"Tales of Zestiria","tales of zestiria.exe"
"Tales Runner","trgame.exe"
"Task Force","taskforce.exe"
"Tetris® Ultimate","tetrisultimate.exe"
"Tetris","tetris.exe"
"The Beginner's Guide","beginnersguide.exe"
"The Elder Scrolls IV: Oblivion","oblivion.exe"
"The Forgettable Dungeon","forgettabledungeon.exe"
"THE KING OF FIGHTERS 2002 UNLIMITED MATCH","kingoffighters2002um.exe"
"The Marvellous Miss Take","misstake.exe"
"The Park","thepark.exe"
"The Sacred Tears TRUE","the sacred tears true.exe"
"The Secret World","secretworldlegends.exe"
"The Secret World","secretworldlegendsdx11.exe"
"The Secret World","thesecretworld.exe"
"The Secret World","thesecretworlddx11.exe"
"The Settlers 7: Paths to a Kingdom","settlers7r.exe"
"The Settlers: Rise of an Empire","settlers6.exe"
"The Vanishing of Ethan Carter","astronautsgame-win64-shipping.exe"
"The Vanishing of Ethan Carter Redux","ethancarter-win64-shipping.exe"
"There Was a Caveman","therewasacaveman.exe"
"Thomas Was Alone","thomaswasalone.exe"
"TIS-100","tis100.exe"
"Tomb Raider II","tomb2.exe"
"Tomb Raider III: Adventures of Lara Croft","tomb3.exe"
"Tomb Raider: Anniversary","tra.exe"
"Tomb Raider: Chronicles","pctomb5.exe"
"Tomb Raider: Legend","trl.exe"
"Tomb Raider: The Last Revelation","tomb4.exe"
"Tomb Raider: Underworld","tru.exe"
"Tony Hawk's Underground","thug.exe"
"Tony Hawk's Underground 2","thug2.exe"
"Trackday Manager","trackday manager.exe"
"TransforBest","transforbest.exe"
"Triple Town","tripletown.exe"
"Unravel","unravel.exe"
"Unreal Tournament","unrealtournament.exe"
"Unreal Tournament 3","ut3.exe"
"Uplink","uplink.exe"
"War for the Overworld","wftogame.exe"
"Warsow","warsow_x64.exe"
"Warsow","warsow_x86.exe"
"WaveLand","waveland.exe"
"Wings of Vi","wings of vi.exe"
"Wolfenstein: The Old Blood","wolfoldblood_x32.exe"
"Wolfenstein: The Old Blood","wolfoldblood_x64.exe"
"Wolfenstein: The Old Blood","wolfoldblood_x86.exe"
"Wonder Wickets","wonder wickets.exe"
"Wonder Wickets","wonderwickets-release.exe"
"X-Plane 11","x-plane.exe"
"Xenonauts","xenonauts.exe"
"Zandronum","zandronum.exe"
"ZOMBI","zombi.exe"
"Zombies Monsters Robots","marsgame.exe"
"9Dragons","rfstl.exe"
"Age of Wushu","fxgame.exe"
"Alan Wake","alanwake.exe"
"Argentum Online","argentum.exe"
"Azure Striker Gunvolt","gv_win.exe"
"BattleBit Remastered","battlebit.exe"
"Microsoft Allegiance","allegiance.exe"
"Super House of Dead Ninjas","shodn.exe"
"Aseprite","aseprite.exe"
"Full Metal Furies","brawler2d.exe"
"蒼の彼方のフォーリズム","蒼の彼方のフォーリズム.exe"
"Avalon Lords: Dawn Rises","avalonlords.app"
"Avalon Lords: Dawn Rises","avalonlords.exe"
"BlackShot: Mercenary Warfare FPS","blackshot.exe"
"BlazBlue: Continuum Shift Extend","bbcse.exe"
"Blobby Volley 2","blobby.exe"
"Boundless","boundless.exe"
"Cabal 2","cabal2main.exe"
"Cataclysm: Dark Days Ahead","cataclysm-tiles.exe"
"CHAOS CODE -NEW SIGN OF CATASTROPHE-","chaoscode.exe"
"Chronicle: RuneScape Legends","chronicle.exe"
"Combat Mission Black Sea","cm black sea.exe"
"Combat Mission Shock Force","cm shock force.exe"
"Command & Conquer™ Red Alert 2 and Yuri’s Revenge","gamemd.exe"
"Command: Modern Air / Naval Operations WOTY","command.exe"
"Cosmic Dust & Rust","cosmic.exe"
"CosmicBreak","cosmic.exe"
"CosmicBreak2","cosmicbreak2.exe"
"CosmicLeague_US","cosmicleague.exe"
"Creeper World 2","creeper world 2.exe"
"Carrier Command: Gaea Mission","carrier.exe"
"Demul version 0.5.6.3","demul.exe"
"Homeworld: Deserts of Kharak","desertsofkharak32.exe"
"Homeworld: Deserts of Kharak","desertsofkharak64.exe"
"Disgaea PC","dis1_st.exe"
"Disney Infinity 3.0: Gold Edition","disneyinfinity3.exe"
"Disney Infinity 2.0: Gold Edition","disneyinfinity2.exe"
"ドラゴンクエストＸ　いにしえの竜の伝承　オンライン","dqxgame.exe"
"E.Y.E: Divine Cybermancy","eye.exe"
"nQuake","ezquake-gl.exe"
"nQuake","ezquake.exe"
"Fable - The Lost Chapters","fable.exe"
"TouHou Makuka Sai ~ Fantastic Danmaku Festival","thmhj.exe"
"FCEUX 2.2.3","fceux.exe"
"FINAL FANTASY XI","pol.exe"
"Gahkthun of the Golden Lightning Steam Edition","gahkthun.exe"
"Garfield Kart","garfield_master7.exe"
"Garfield Kart","garfieldkartnomulti.exe"
"SkyDrift","skydrift.exe"
"Grandia II Anniversary Edition","grandia2.exe"
"GRID Autosport","gridautosport_avx.exe"
"The Fruit of Grisaia","grisaia.exe"
"Grisaia Phantom Trigger Vol.2","gpt_vol2.exe"
"Microsoft Halo Trial","halo.exe"
"Heavy Weapon Deluxe","heavyweapon.exe"
"Hyperdimension Neptunia Re;Birth2 Sisters Generation","neptuniarebirth2.exe"
"Hyperdimension Neptunia Re;Birth3 V Generation","neptuniarebirth3.exe"
"Illarion","java.exe"
"OpenITG","openitg-pc.exe"
"Invisible, Inc.","invisibleinc.exe"
"IvAc","ivac.exe"
"Just Cause","justcause.exe"
"神採りアルケミーマイスター","age.exe"
"Kara no Shojo 2","kara no shojo 2.exe"
"Knights of Pen and Paper 2","kopp2.exe"
"MTGArena","mtga.exe"
"マジカルバトルアリーナNEXT・幻想郷空閃姫","mban_f.exe"
"マジカルバトルアリーナNEXT・幻想郷空閃姫","mban_m.exe"
"Native Instruments Maschine 2","maschine 2.exe"
"MELTY BLOOD Actress Again Current Code","mbaa.exe"
"Metal Gear Solid 2 Substance","mgs2_sse.exe"
"Modlands 0.512a version 0.512a","modlands.exe"
"NEO AQUARIUM - The King of Crustaceans -","neoaquarium.exe"
"Offspring Fling!","offspring fling.exe"
"OlliOlli2: Welcome to Olliwood","olliolli2.exe"
"Organ Trail: Director's Cut","organtrail.exe"
"PangYa (NtreevSoft)","projectg.exe"
"Perpetuum","perpetuum.exe"
"Phantasy Star Online Blue Burst","psobb.exe"
"Phantom Breaker: Battle Grounds","pbbg_win32.exe"
"Project Hedra v0.30","hedra.exe"
"Icons: Combat Arena","icons.exe"
"LET IT DIE","brggame-steam.exe"
"DiRT 2","dirt2_game.exe"
"Mabinogi","mabinogi.exe"
"Mabinogi","client.exe"
"Mabinogi","nxsteam.exe"
"Mabinogi","client.exe"
"Metal Gear Solid","mgsi.exe"
"MapleRoyals","mapleroyals.exe"
"Houdini Indie","hindie.exe"
"Houdini Indie","hindie.steam.exe"
"Infantry","infantry.exe"
"Infantry","tds.exe"
"Helbreath Apocalypse","helbreath.exe"
"Flash Flash Revolution","ffr.exe"
"Flash Flash Revolution","r3air.exe"
"Dwarf Fortress","dwarf fortress.exe"
"Quake III","quake3.exe"
"King of Fighters XIII","kofxiii.exe"
"Nitronic Rush","nitronicrush.exe"
"PCSX2","pcsx2-r5875.exe"
"PCSX2","pcsx2.exe"
"Phase Shift","phase_shift.exe"
"Planescape: Torment","torment.exe"
"Q.U.B.E: Director's Cut","qubegame.exe"
"Rebound Arena","reboundarena.exe"
"REGEN","regen.exe"
"RetroArch","retroarch.exe"
"Return To Castle Wolfenstein","wolfmp.exe"
"Return To Castle Wolfenstein","wolfsp.exe"
"Darkfall Rise of Agon","darkfall.exe"
"Darkfall Rise of Agon","darkfall_roa.exe"
"Rosenkreuzstilette","rks.exe"
"Rosenkreuzstilette","rks_e.exe"
"S4 League","s4client.exe"
"SC2VN - The eSports Visual Novel","sc2vn.exe"
"Shadow Complex Remastered","shadowcomplex-win32-egl.exe"
"Shadow Complex Remastered","shadowcomplex-win32.exe"
"Sonic & All Stars Racing Transformed","asn_app_pcdx9_final.exe"
"ePSXe","epsxe.exe"
"SoulWorker","soulworker100.exe"
"SpyParty","spyparty.exe"
"Super Smash Flash EXE Version 1.0","ssfexe.exe"
"Super Smash Flash 2 Beta","ssf2.exe"
"The Floor is Lava","tfil.exe"
"The Last Remnant","tlr.exe"
"The Simpsons Hit & Run(TM)","simpsons.exe"
"Thrillville: Off the Rails","thrillville07.exe"
"Titanfall™","titanfall.exe"
"TMNT 2 - Battle Nexus","tmnt2.exe"
"Tomb Raider (VI): The Angel of Darkness","traod_p4.exe"
"Tomoyo After ~It's a Wonderful Life~ English Edition","realliveen.exe"
"Touhou 10: Mountain of Faith","th10.exe"
"Touhou 10: Mountain of Faith","th10e.exe"
"Touhou 10.5: Scarlet Weather Rhapsody","th105.exe"
"Touhou 10.5: Scarlet Weather Rhapsody","th105e.exe"
"Touhou 11: Subterranean Animism","th11.exe"
"Touhou 11: Subterranean Animism","th11e.exe"
"Touhou 12: Undefined Fantastic Object","th12.exe"
"Touhou 12: Undefined Fantastic Object","th12e.exe"
"Touhou 12.3: Hisoutensoku","th123.exe"
"Touhou 12.3: Hisoutensoku","th123e.exe"
"Touhou 12.5: Double Spoiler","th125.exe"
"Touhou 12.5: Double Spoiler","th125e.exe"
"Touhou 12.8: Great Fairy Wars","th128.exe"
"Touhou 12.8: Great Fairy Wars","th128e.exe"
"Touhou 13: Ten Desires","th13.exe"
"Touhou 13: Ten Desires","th13e.exe"
"Touhou 13.5 Hopeless Mascarade","th135.exe"
"Touhou 13.5 Hopeless Mascarade","th135e.exe"
"Touhou 14: Double Dealing Character","th14.exe"
"Touhou 14: Double Dealing Character","th14e.exe"
"Touhou 14.3: Impossible Spell Card","th143.exe"
"Touhou 14.3: Impossible Spell Card","th143e.exe"
"Touhou 14.5: Urban Legend in Limbo","th145.exe"
"Touhou 14.5: Urban Legend in Limbo","th145e.exe"
"Touhou 15: Legacy of Lunatic Kingdom","th15.exe"
"Touhou 15: Legacy of Lunatic Kingdom","th15e.exe"
"Touhou 15.5: Antinomy of Common Flowers","th155.exe"
"Touhou 7: Perfect Cherry Blossom","th07.exe"
"Touhou 7: Perfect Cherry Blossom","th07e.exe"
"Touhou 7.5: Immaterial and Missing Power","th075.exe"
"Touhou 7.5: Immaterial and Missing Power","th075e.exe"
"Touhou 8: Imperishable Night","th08.exe"
"Touhou 8: Imperishable Night","th08e.exe"
"Touhou 9: Phantasmagoria Of Flower View","th09.exe"
"Touhou 9: Phantasmagoria Of Flower View","th09e.exe"
"Touhou 9.5: Shoot the Bullet","th095.exe"
"Touhou 9.5: Shoot the Bullet","th095e.exe"
"Touhou Puppet Dance Performance","gn_enbu.exe"
"Touhou Sky Arena","tsa.exe"
"The Legend of Heroes: Trails in the Sky","ed6_win.exe"
"The Legend of Heroes: Trails in the Sky","ed6_win_dx9.exe"
"The Legend of Heroes: Trails in the Sky SC","ed6_win2.exe"
"The Legend of Heroes: Trails in the Sky SC","ed6_win2_dx9.exe"
"VA-11 HALL-A","va-11 hall a.exe"
"VA-11 HALL-A","runner""
"VisualBoyAdvance","visualboyadvance.exe"
"Warzone 2100","warzone2100.exe"
"Warzone 2100","wz2100.app"
"Warzone 2100","wz2100.exe"
"Xonotic","xonotic.exe"
"YGOPro","ygopro.app"
"YGOPro","ygopro_vs.exe"
"ZSNESw","zsnesw.exe"
"Zwift","zwiftapp.exe"
"Allods Online","aogame.exe"
"Murderous Pursuits","murderouspursuits.exe"
"Sword Art Online: Hollow Realization Deluxe Edition","sao_hr.exe"
"METAL GEAR SURVIVE","mgv.exe"
"Aim Lab","aimlab_tb.exe"
"Galactic Civilizations III","galciv3.exe"
"Parkasaurus","parkasaurus.exe"
"Visage","visage-win64-shipping.exe"
"Kynseed","kynseed.exe"
"Thronebreaker","thronebreaker.exe"
"Fallout 76","fallout76.exe"
"Battlefield™ V","bfv.exe"
"Battle Chef Brigade","battlechefbrigade.exe"
"Kingsway","kingsway.exe"
"Zenzizenzic","zenzizenzic.exe"
"Realm Royale","realm.exe"
"Realm Royale","realmeac.exe"
"Ashen","ashen-win64-shipping.exe"
"Hades","hades.exe"
"ATLAS","atlasgame_be.exe"
"Sea of Thieves","sotgame.exe"
"LEGO Harry Potter: Years 5-7","harry2.exe"
"Apex Legends","r5apex.exe"
"Farming Simulator 19","farmingsimulator2019game.exe"
"Warhammer: Vermintide 2","vermintide2.exe"
"Anthem™","anthem.exe"
"Spellbreak","spellbreak.exe"
